Feature,mean,sd
env_stress,0.276397,0.007283
RH,0.129698,0.004516
JK_product,0.064271,0.001893
log_RH,0.052179,0.002041
RH_x_SDD,0.048863,0.001737
J,0.033058,0.000978
Aging,0.024448,0.00062
CD,0.019977,0.000582
logJ_x_logSDD,0.013549,0.000535
log_J,0.012574,0.000515
SDD_norm,0.008169,0.000489
Age_x_SDD,0.007755,0.000354
log_CD,0.006881,0.000266
AD,0.005333,0.000316
Age_x_logSDD,0.00519,0.000282
K,0.004875,0.000336
Smp_2,0.002305,0.000211
CF,0.001429,0.00015
Smp_4,0.001396,0.0001
RH_x_logSDD,0.000795,0.000114
SDD,0.000648,0.000107
logRH_x_logSDD,0.000266,2.2e-05
Smp_1,0.000154,3.1e-05
log_SDD,0.00014,5.5e-05
Smp_3,6.2e-05,2e-05
