Seed,Model,minutes,inner_cv_r2
42,XGBoost,144.89,0.9883159530702865
42,LightGBM,5.78,0.9879974619212692
42,GBR,22.77,0.9883396714088002
42,HistGBR,9.22,0.9880770023987251
42,RF,19.28,0.9846695269401934
42,Extra Trees,28.69,0.9834453798971461
42,Ridge,0.5,0.9542113569247379
42,Decision Tree,0.52,0.9705602323802903
42,KNN,1.01,0.9668511671526332
42,SVR,21.83,0.987945543717138
42,MLP,39.63,0.9873789455648222
7,XGBoost,121.8,0.9879708980185502
7,LightGBM,6.75,0.987394517911356
7,GBR,30.02,0.9879918782512384
7,HistGBR,10.91,0.9879420751486745
7,RF,31.25,0.9841495395537327
7,Extra Trees,35.02,0.9827064353391084
7,Ridge,0.5,0.9542799545099185
7,Decision Tree,0.52,0.9695544819988919
7,KNN,0.97,0.9645585657747586
7,SVR,19.24,0.9876961287604088
7,MLP,120.27,0.9873178324127171
13,XGBoost,130.04,0.9885064685223701
13,LightGBM,6.43,0.988050522846984
13,GBR,26.47,0.9884893922936981
13,HistGBR,8.61,0.9882675226221085
13,RF,32.79,0.9847963166144161
13,Extra Trees,33.72,0.9837094250571461
13,Ridge,0.58,0.9542224911483894
13,Decision Tree,0.65,0.9707351221524378
13,KNN,1.35,0.9659528635588274
13,SVR,30.58,0.9879468825340716
13,MLP,80.0,0.9874545636243255
99,XGBoost,84.31,0.9880963715343279
99,LightGBM,11.03,0.9877284302985716
99,GBR,27.75,0.9881808861148474
99,HistGBR,11.05,0.9878989854218612
99,RF,28.81,0.9845749516088367
99,Extra Trees,29.09,0.9831305818165517
99,Ridge,0.5,0.9540838512329269
99,Decision Tree,0.51,0.9698402427187801
99,KNN,1.01,0.9637015979618818
99,SVR,24.47,0.9878482998039594
99,MLP,35.82,0.9873577526796602
2024,XGBoost,80.73,0.9883726039244893
2024,LightGBM,10.16,0.9877503206969948
2024,GBR,20.24,0.988425134845434
2024,HistGBR,9.89,0.9882274636282921
2024,RF,44.59,0.9847919075041995
2024,Extra Trees,25.48,0.9834137766320614
2024,Ridge,0.48,0.9539926960077467
2024,Decision Tree,0.51,0.970631487273919
2024,KNN,1.01,0.966784944507704
2024,SVR,21.99,0.9879082390338116
2024,MLP,32.53,0.9875396420189656
17,XGBoost,72.21,0.9885483568531972
17,LightGBM,6.99,0.9881156328935872
17,GBR,22.57,0.9884977469390515
17,HistGBR,10.04,0.9883254080040033
17,RF,32.6,0.9851049721871028
17,Extra Trees,38.97,0.9837627021816339
17,Ridge,0.49,0.9550028641721717
17,Decision Tree,0.51,0.970814682431697
17,KNN,1.01,0.9676581605834327
17,SVR,30.34,0.9882964683899675
17,MLP,35.15,0.9877772775022446
88,XGBoost,69.91,0.9878125007299257
88,LightGBM,9.39,0.9874379365332313
88,GBR,24.31,0.9878264791279555
88,HistGBR,12.46,0.9877238699456707
88,RF,53.74,0.9840490508333299
88,Extra Trees,29.35,0.9821670207284751
88,Ridge,0.49,0.9542756485435937
88,Decision Tree,0.52,0.9694415621901786
88,KNN,1.02,0.9651486159628385
88,SVR,21.76,0.9875991015530184
88,MLP,42.98,0.9873302621200457
55,XGBoost,86.37,0.9880702076371481
55,LightGBM,8.19,0.9876045264409677
55,GBR,26.36,0.9881494246458817
55,HistGBR,8.96,0.9879483595023162
55,RF,28.66,0.9842410017350927
55,Extra Trees,17.49,0.9827956599022911
55,Ridge,0.5,0.9540163577246574
55,Decision Tree,0.51,0.9707340133941618
55,KNN,1.02,0.9670645094223502
55,SVR,28.53,0.9879031942751919
55,MLP,67.84,0.9875115411763289
101,XGBoost,91.56,0.9879852376459949
101,LightGBM,10.68,0.9873346087261086
101,GBR,32.35,0.9879038061469829
101,HistGBR,8.19,0.9877937078957192
101,RF,35.03,0.9842262578318779
101,Extra Trees,41.34,0.9828108692625376
101,Ridge,0.49,0.9539585873798915
101,Decision Tree,0.51,0.9701455323594255
101,KNN,1.02,0.9648350566378564
101,SVR,28.08,0.9876001350516166
101,MLP,35.73,0.98715900902372
314,XGBoost,87.73,0.9881441538582874
314,LightGBM,10.9,0.9878372417701315
314,GBR,32.97,0.9880626090174424
314,HistGBR,8.86,0.987996712651355
314,RF,36.1,0.9842720013173756
314,Extra Trees,46.77,0.9828425714032167
314,Ridge,0.48,0.954031317444259
314,Decision Tree,0.5,0.9693674520605906
314,KNN,0.85,0.9661586681163008
314,SVR,16.74,0.9879428708820466
314,MLP,29.87,0.9873850691702255
