,mean,std,min,max,by
1,-0.2541,0.0703,-0.4876,-0.1348,Sample
2,-0.2861,0.0738,-0.4957,-0.1568,Sample
3,-0.2476,0.0631,-0.4496,-0.1276,Sample
4,-0.2365,0.0642,-0.4346,-0.1284,Sample
65,-0.1937,0.0344,-0.3089,-0.1276,RH
70,-0.2249,0.0409,-0.3546,-0.1348,RH
80,-0.2938,0.0597,-0.4957,-0.1733,RH
90,-0.3119,0.0634,-0.4876,-0.166,RH
0,-0.2427,0.0609,-0.4468,-0.1284,Aging
15,-0.2458,0.0629,-0.4957,-0.1276,Aging
30,-0.2603,0.0736,-0.4931,-0.1368,Aging
45,-0.2755,0.0781,-0.4876,-0.1307,Aging
ALL,-0.2560818875706453,0.07038664138139113,-0.49567828190621005,-0.1275958131301313,all
