Factor,Held_out_level,Position,Model,n_test,R2,RMSE,MAE,MAPE,NSE
random 80/20 (seed 42),-,interpolation,HyPhysML,1332,0.9885,2.3468,1.7905,2.402,0.9885
random 80/20 (seed 42),-,interpolation,HyPhysML-MC,1332,0.9849,2.6951,2.028,2.7386,0.9849
random 80/20 (seed 42),-,interpolation,XGBoost,1332,0.988,2.3984,1.8183,2.437,0.988
random 80/20 (seed 42),-,interpolation,Obenaus,1332,0.8999,6.9359,5.4511,6.5836,0.8999
SDD,0.03,boundary (extrapolation),HyPhysML,1664,0.8484,7.1166,6.2425,6.2884,0.8484
SDD,0.03,boundary (extrapolation),HyPhysML-MC,1664,0.6835,10.2813,9.9789,10.0481,0.6835
SDD,0.03,boundary (extrapolation),XGBoost,1664,0.8454,7.1854,6.3562,6.326,0.8454
SDD,0.03,boundary (extrapolation),Obenaus,1664,-0.0903,19.083,15.8638,14.8471,-0.0903
SDD,0.06,interior,HyPhysML,1664,0.8425,7.243,6.0614,6.7331,0.8425
SDD,0.06,interior,HyPhysML-MC,1664,0.6801,10.3218,9.9807,11.3741,0.6801
SDD,0.06,interior,XGBoost,1664,0.8436,7.2179,6.0244,6.6404,0.8436
SDD,0.06,interior,Obenaus,1664,0.8342,7.4316,6.0618,6.7803,0.8342
SDD,0.1,interior,HyPhysML,1664,0.8088,8.195,7.2271,10.0268,0.8088
SDD,0.1,interior,HyPhysML-MC,1664,0.4935,13.3374,13.0242,17.8402,0.4935
SDD,0.1,interior,XGBoost,1664,0.8294,7.7417,6.7636,9.3605,0.8294
SDD,0.1,interior,Obenaus,1664,0.8908,6.1944,4.7772,6.0902,0.8908
SDD,0.14,boundary (extrapolation),HyPhysML,1664,0.8889,6.2497,5.0608,8.3538,0.8889
SDD,0.14,boundary (extrapolation),HyPhysML-MC,1664,0.7363,9.6305,8.9787,13.9448,0.7363
SDD,0.14,boundary (extrapolation),XGBoost,1664,0.8917,6.1705,5.0039,8.2269,0.8917
SDD,0.14,boundary (extrapolation),Obenaus,1664,0.8292,7.7513,6.3568,10.8598,0.8292
RH,65,boundary (extrapolation),HyPhysML,1664,0.7123,10.5978,9.8977,9.7813,0.7123
RH,65,boundary (extrapolation),HyPhysML-MC,1664,0.6867,11.0585,10.2889,10.1422,0.6867
RH,65,boundary (extrapolation),XGBoost,1664,0.7179,10.4933,9.7139,9.5895,0.7179
RH,65,boundary (extrapolation),Obenaus,1664,0.7426,10.0248,8.0214,7.7752,0.7426
RH,70,interior,HyPhysML,1664,0.7437,9.471,8.5942,9.6819,0.7437
RH,70,interior,HyPhysML-MC,1664,0.6506,11.0568,10.4094,11.8958,0.6506
RH,70,interior,XGBoost,1664,0.7723,8.9253,7.9951,9.1603,0.7723
RH,70,interior,Obenaus,1664,0.8619,6.9511,5.2706,5.6753,0.8619
RH,80,interior,HyPhysML,1664,0.856,6.9902,5.8495,8.4996,0.856
RH,80,interior,HyPhysML-MC,1664,0.3458,14.8998,14.3254,19.9922,0.3458
RH,80,interior,XGBoost,1664,0.4846,13.2253,12.5108,17.4571,0.4846
RH,80,interior,Obenaus,1664,0.8702,6.637,5.2907,7.7482,0.8702
RH,90,boundary (extrapolation),HyPhysML,1664,0.8995,5.712,5.0076,7.4753,0.8995
RH,90,boundary (extrapolation),HyPhysML-MC,1664,0.8764,6.3334,5.7323,8.5773,0.8764
RH,90,boundary (extrapolation),XGBoost,1664,0.8947,5.8453,5.1337,7.7114,0.8947
RH,90,boundary (extrapolation),Obenaus,1664,0.7156,9.6083,8.0076,10.8311,0.7156
Aging,0,boundary (extrapolation),HyPhysML,1664,0.8209,9.0847,7.4921,9.3917,0.8209
Aging,0,boundary (extrapolation),HyPhysML-MC,1664,0.9837,2.7439,2.142,2.5072,0.9837
Aging,0,boundary (extrapolation),XGBoost,1664,0.8549,8.1769,6.7013,8.3863,0.8549
Aging,0,boundary (extrapolation),Obenaus,1664,0.5292,14.7309,12.289,13.2489,0.5292
Aging,15,interior,HyPhysML,1664,0.9374,5.3944,4.3856,4.7403,0.9374
Aging,15,interior,HyPhysML-MC,1664,0.9841,2.7161,2.1339,2.4841,0.9841
Aging,15,interior,XGBoost,1664,0.944,5.1016,4.1555,4.5904,0.944
Aging,15,interior,Obenaus,1664,0.8614,8.0233,6.5869,7.1999,0.8614
Aging,30,interior,HyPhysML,1664,0.9783,3.0676,2.4478,3.1846,0.9783
Aging,30,interior,HyPhysML-MC,1664,0.8402,8.3216,7.8281,9.9378,0.8402
Aging,30,interior,XGBoost,1664,0.9699,3.6117,2.8962,3.7549,0.9699
Aging,30,interior,Obenaus,1664,0.8936,6.7896,5.5121,6.7407,0.8936
Aging,45,boundary (extrapolation),HyPhysML,1664,0.7686,9.283,8.6457,12.3214,0.7686
Aging,45,boundary (extrapolation),HyPhysML-MC,1664,0.6715,11.0601,10.56,14.9152,0.6715
Aging,45,boundary (extrapolation),XGBoost,1664,0.7553,9.5451,8.9505,12.797,0.7553
Aging,45,boundary (extrapolation),Obenaus,1664,0.7625,9.4041,7.9421,12.079,0.7625
Sample,1,unseen insulator type,HyPhysML,1664,0.9197,6.1421,5.4154,6.0437,0.9197
Sample,1,unseen insulator type,HyPhysML-MC,1664,0.8272,9.0099,8.3462,9.611,0.8272
Sample,1,unseen insulator type,XGBoost,1664,0.8303,8.9305,8.2493,9.384,0.8303
Sample,1,unseen insulator type,Obenaus,1664,0.8783,7.5607,6.2618,7.3128,0.8783
Sample,2,unseen insulator type,HyPhysML,1664,0.8488,7.9127,7.289,10.0323,0.8488
Sample,2,unseen insulator type,HyPhysML-MC,1664,0.87,7.3358,6.7083,9.3255,0.87
Sample,2,unseen insulator type,XGBoost,1664,0.8756,7.1765,6.5356,9.1666,0.8756
Sample,2,unseen insulator type,Obenaus,1664,0.6609,11.8503,10.0534,13.9118,0.6609
Sample,3,unseen insulator type,HyPhysML,1664,0.9554,4.2455,3.4526,4.2865,0.9554
Sample,3,unseen insulator type,HyPhysML-MC,1664,0.97,3.4815,2.6464,3.6606,0.97
Sample,3,unseen insulator type,XGBoost,1664,0.9633,3.8513,2.9785,3.9856,0.9633
Sample,3,unseen insulator type,Obenaus,1664,0.8529,7.7078,5.8221,7.1919,0.8529
Sample,4,unseen insulator type,HyPhysML,1664,0.8829,8.0926,6.3628,6.5736,0.8829
Sample,4,unseen insulator type,HyPhysML-MC,1664,0.8921,7.7691,6.0731,6.3283,0.8921
Sample,4,unseen insulator type,XGBoost,1664,0.9147,6.9065,5.3914,5.6498,0.9147
Sample,4,unseen insulator type,Obenaus,1664,0.7153,12.6206,10.1464,10.6032,0.7153
