Model,Variable,pct_steps_increasing,pct_steps_increasing_gt_0_1kV,pct_points_any_violation,max_increase_kV,data_pct_steps_increasing
HyPhysML,Aging,12.1872,10.4329,36.5616,3.8873,15.87
HyPhysML,J,2.6387,1.4655,10.5548,1.4788,4.47
HyPhysML,RH,0.005,0.005,0.015,0.5327,2.04
HyPhysML,SDD,0.0,0.0,0.0,-3.2511,0.38
HyPhysML-MC,Aging,0.0,0.0,0.0,-0.0036,15.87
HyPhysML-MC,J,0.0,0.0,0.0,-0.0594,4.47
HyPhysML-MC,RH,0.0,0.0,0.0,-3.2575,2.04
HyPhysML-MC,SDD,0.0,0.0,0.0,-6.1128,0.38
XGBoost,Aging,11.6742,9.9274,35.0225,2.8566,15.87
XGBoost,J,2.8146,1.6665,11.2585,2.005,4.47
XGBoost,RH,0.0,0.0,0.0,-0.5736,2.04
XGBoost,SDD,0.0,0.0,0.0,-2.8186,0.38
