n_points,n_steps,pct_steps_increasing,pct_steps_increasing_gt_0.1kV,pct_points_any_violation,max_increase_kV,Model,Variable,Seed
1332,3996,0.0,0.0,0.0,-4.507770016623731,HyPhysML,SDD,42
1332,3996,0.0,0.0,0.0,-2.378985209554756,HyPhysML,RH,42
1332,3996,11.561561561561561,9.95995995995996,34.68468468468468,2.7318142518044937,HyPhysML,Aging,42
1264,5056,2.0767405063291138,1.1669303797468353,8.306962025316455,1.2378602865924293,HyPhysML,J,42
1332,3996,0.0,0.0,0.0,-6.425620050289538,HyPhysML-MC,SDD,42
1332,3996,0.0,0.0,0.0,-3.3275434904787673,HyPhysML-MC,RH,42
1332,3996,0.0,0.0,0.0,-0.014944237292127127,HyPhysML-MC,Aging,42
1264,5056,0.0,0.0,0.0,-0.1294740971219568,HyPhysML-MC,J,42
1332,3996,0.0,0.0,0.0,-4.927814483642578,XGBoost,SDD,42
1332,3996,0.0,0.0,0.0,-2.5787200927734375,XGBoost,RH,42
1332,3996,10.16016016016016,7.957957957957958,30.48048048048048,1.9742584228515625,XGBoost,Aging,42
1264,5056,2.23496835443038,1.3251582278481011,8.93987341772152,1.4737358093261719,XGBoost,J,42
1332,3996,0.0,0.0,0.0,-3.8381978323673565,HyPhysML,SDD,7
1332,3996,0.0,0.0,0.0,-1.5154267871500906,HyPhysML,RH,7
1332,3996,11.886886886886886,9.534534534534535,35.66066066066066,2.333278915520509,HyPhysML,Aging,7
1286,5144,2.410575427682737,1.3413685847589423,9.642301710730948,1.4787992667960879,HyPhysML,J,7
1332,3996,0.0,0.0,0.0,-6.556775090369314,HyPhysML-MC,SDD,7
1332,3996,0.0,0.0,0.0,-3.291812047210179,HyPhysML-MC,RH,7
1332,3996,0.0,0.0,0.0,-0.007102327682034115,HyPhysML-MC,Aging,7
1286,5144,0.0,0.0,0.0,-0.08680169029032925,HyPhysML-MC,J,7
1332,3996,0.0,0.0,0.0,-3.1949844360351562,XGBoost,SDD,7
1332,3996,0.0,0.0,0.0,-1.31170654296875,XGBoost,RH,7
1332,3996,11.911911911911911,10.11011011011011,35.73573573573574,2.1933212280273438,XGBoost,Aging,7
1286,5144,2.818818040435459,1.9245723172628304,11.275272161741835,2.0050048828125,XGBoost,J,7
1332,3996,0.0,0.0,0.0,-4.348617437866359,HyPhysML,SDD,13
1332,3996,0.050050050050050046,0.050050050050050046,0.15015015015015015,0.5327405278062116,HyPhysML,RH,13
1332,3996,10.81081081081081,9.55955955955956,32.432432432432435,2.699626909353711,HyPhysML,Aging,13
1282,5128,1.1505460218408736,0.39001560062402496,4.6021840873634945,0.5982618489599929,HyPhysML,J,13
1332,3996,0.0,0.0,0.0,-6.557130533955629,HyPhysML-MC,SDD,13
1332,3996,0.0,0.0,0.0,-3.447348572379184,HyPhysML-MC,RH,13
1332,3996,0.0,0.0,0.0,-0.03993258405550648,HyPhysML-MC,Aging,13
1282,5128,0.0,0.0,0.0,-0.1356084858266371,HyPhysML-MC,J,13
1332,3996,0.0,0.0,0.0,-4.452293395996094,XGBoost,SDD,13
1332,3996,0.0,0.0,0.0,-0.641387939453125,XGBoost,RH,13
1332,3996,10.31031031031031,8.508508508508509,30.930930930930934,2.3696517944335938,XGBoost,Aging,13
1282,5128,1.6575663026521061,0.8775351014040561,6.6302652106084246,0.7314910888671875,XGBoost,J,13
1332,3996,0.0,0.0,0.0,-3.251077442399975,HyPhysML,SDD,99
1332,3996,0.0,0.0,0.0,-1.595435086575236,HyPhysML,RH,99
1332,3996,13.363363363363364,11.386386386386386,40.090090090090094,2.4269031970896293,HyPhysML,Aging,99
1280,5120,3.3398437500000004,1.8359375,13.359375000000002,0.5423032703110096,HyPhysML,J,99
1332,3996,0.0,0.0,0.0,-6.191767322157062,HyPhysML-MC,SDD,99
1332,3996,0.0,0.0,0.0,-3.569381002707516,HyPhysML-MC,RH,99
1332,3996,0.0,0.0,0.0,-0.0035833643473921484,HyPhysML-MC,Aging,99
1280,5120,0.0,0.0,0.0,-0.05939782377781455,HyPhysML-MC,J,99
1332,3996,0.0,0.0,0.0,-3.4305763244628906,XGBoost,SDD,99
1332,3996,0.0,0.0,0.0,-1.2224349975585938,XGBoost,RH,99
1332,3996,13.138138138138139,11.536536536536536,39.414414414414416,2.856597900390625,XGBoost,Aging,99
1280,5120,3.8671875,2.421875,15.46875,0.83477783203125,XGBoost,J,99
1332,3996,0.0,0.0,0.0,-4.979497369884257,HyPhysML,SDD,2024
1332,3996,0.0,0.0,0.0,-1.7991183413511536,HyPhysML,RH,2024
1332,3996,13.213213213213212,11.336336336336336,39.63963963963964,3.887307801405967,HyPhysML,Aging,2024
1288,5152,2.775621118012422,1.2422360248447204,11.102484472049689,0.7429379079204352,HyPhysML,J,2024
1332,3996,0.0,0.0,0.0,-6.521855589035027,HyPhysML-MC,SDD,2024
1332,3996,0.0,0.0,0.0,-3.264013782133233,HyPhysML-MC,RH,2024
1332,3996,0.0,0.0,0.0,-0.01057219821983324,HyPhysML-MC,Aging,2024
1288,5152,0.0,0.0,0.0,-0.14612561174834582,HyPhysML-MC,J,2024
1332,3996,0.0,0.0,0.0,-4.503517150878906,XGBoost,SDD,2024
1332,3996,0.0,0.0,0.0,-1.461395263671875,XGBoost,RH,2024
1332,3996,12.437437437437438,10.71071071071071,37.312312312312315,2.4611587524414062,XGBoost,Aging,2024
1288,5152,3.202639751552795,1.6498447204968945,12.81055900621118,0.5730247497558594,XGBoost,J,2024
1332,3996,0.0,0.0,0.0,-4.689945760001663,HyPhysML,SDD,17
1332,3996,0.0,0.0,0.0,-1.4617222135891552,HyPhysML,RH,17
1332,3996,13.213213213213212,11.436436436436438,39.63963963963964,2.2808947979799257,HyPhysML,Aging,17
1291,5164,2.61425251742835,1.7041053446940357,10.4570100697134,0.7512269783255547,HyPhysML,J,17
1332,3996,0.0,0.0,0.0,-6.498348952270959,HyPhysML-MC,SDD,17
1332,3996,0.0,0.0,0.0,-3.7701841852562836,HyPhysML-MC,RH,17
1332,3996,0.0,0.0,0.0,-0.007615889125119679,HyPhysML-MC,Aging,17
1291,5164,0.0,0.0,0.0,-0.10963367712244576,HyPhysML-MC,J,17
1332,3996,0.0,0.0,0.0,-4.600635528564453,XGBoost,SDD,17
1332,3996,0.0,0.0,0.0,-2.11212158203125,XGBoost,RH,17
1332,3996,11.486486486486488,9.40940940940941,34.45945945945946,2.1867294311523438,XGBoost,Aging,17
1291,5164,2.26568551510457,1.5298218435321456,9.06274206041828,0.5044212341308594,XGBoost,J,17
1332,3996,0.0,0.0,0.0,-4.545833424619396,HyPhysML,SDD,88
1332,3996,0.0,0.0,0.0,-1.093615740060919,HyPhysML,RH,88
1332,3996,12.662662662662663,11.136136136136136,37.987987987987985,2.8327870115738705,HyPhysML,Aging,88
1270,5080,3.8976377952755907,2.7755905511811023,15.590551181102363,0.9866515863764533,HyPhysML,J,88
1332,3996,0.0,0.0,0.0,-6.5299904989552005,HyPhysML-MC,SDD,88
1332,3996,0.0,0.0,0.0,-3.4940554285952174,HyPhysML-MC,RH,88
1332,3996,0.0,0.0,0.0,-0.018393900409989783,HyPhysML-MC,Aging,88
1270,5080,0.0,0.0,0.0,-0.09624746807022433,HyPhysML-MC,J,88
1332,3996,0.0,0.0,0.0,-5.220127105712891,XGBoost,SDD,88
1332,3996,0.0,0.0,0.0,-1.6133308410644531,XGBoost,RH,88
1332,3996,12.337337337337337,10.41041041041041,37.012012012012015,2.4629974365234375,XGBoost,Aging,88
1270,5080,3.4645669291338583,2.1259842519685037,13.858267716535433,0.9412460327148438,XGBoost,J,88
1332,3996,0.0,0.0,0.0,-4.313872146938749,HyPhysML,SDD,55
1332,3996,0.0,0.0,0.0,-1.5729357479150536,HyPhysML,RH,55
1332,3996,11.31131131131131,9.65965965965966,33.933933933933936,2.068224006294159,HyPhysML,Aging,55
1271,5084,2.6553894571203775,1.7505900865460267,10.62155782848151,1.0274252813864209,HyPhysML,J,55
1332,3996,0.0,0.0,0.0,-6.6084803912291505,HyPhysML-MC,SDD,55
1332,3996,0.0,0.0,0.0,-3.2575074316442567,HyPhysML-MC,RH,55
1332,3996,0.0,0.0,0.0,-0.036042734947756117,HyPhysML-MC,Aging,55
1271,5084,0.0,0.0,0.0,-0.09037680195515918,HyPhysML-MC,J,55
1332,3996,0.0,0.0,0.0,-2.8185653686523438,XGBoost,SDD,55
1332,3996,0.0,0.0,0.0,-0.5736198425292969,XGBoost,RH,55
1332,3996,11.486486486486488,10.035035035035035,34.45945945945946,2.5603713989257812,XGBoost,Aging,55
1271,5084,3.6978756884343036,2.773406766325728,14.791502753737214,1.512115478515625,XGBoost,J,55
1332,3996,0.0,0.0,0.0,-4.578655504486875,HyPhysML,SDD,101
1332,3996,0.0,0.0,0.0,-1.9038940664869415,HyPhysML,RH,101
1332,3996,12.137137137137136,10.21021021021021,36.41141141141141,3.518826763516813,HyPhysML,Aging,101
1275,5100,2.764705882352941,0.9215686274509804,11.058823529411764,0.5087203164616056,HyPhysML,J,101
1332,3996,0.0,0.0,0.0,-6.224973111855931,HyPhysML-MC,SDD,101
1332,3996,0.0,0.0,0.0,-3.7512630629794685,HyPhysML-MC,RH,101
1332,3996,0.0,0.0,0.0,-0.02071713336752623,HyPhysML-MC,Aging,101
1275,5100,0.0,0.0,0.0,-0.1551237794073046,HyPhysML-MC,J,101
1332,3996,0.0,0.0,0.0,-4.976951599121094,XGBoost,SDD,101
1332,3996,0.0,0.0,0.0,-2.1539382934570312,XGBoost,RH,101
1332,3996,11.511511511511511,10.51051051051051,34.53453453453454,2.6610641479492188,XGBoost,Aging,101
1275,5100,2.313725490196078,0.7058823529411765,9.254901960784313,0.5451202392578125,XGBoost,J,101
1332,3996,0.0,0.0,0.0,-5.256493369657193,HyPhysML,SDD,314
1332,3996,0.0,0.0,0.0,-1.967496720704176,HyPhysML,RH,314
1332,3996,11.711711711711711,10.11011011011011,35.13513513513514,2.22296380917777,HyPhysML,Aging,314
1277,5108,2.701644479248238,1.5270164447924823,10.806577916992952,0.8284853618341685,HyPhysML,J,314
1332,3996,0.0,0.0,0.0,-6.112799554133758,HyPhysML-MC,SDD,314
1332,3996,0.0,0.0,0.0,-3.626235825294195,HyPhysML-MC,RH,314
1332,3996,0.0,0.0,0.0,-0.004144915362829238,HyPhysML-MC,Aging,314
1277,5108,0.0,0.0,0.0,-0.1172317873637212,HyPhysML-MC,J,314
1332,3996,0.0,0.0,0.0,-5.18048095703125,XGBoost,SDD,314
1332,3996,0.0,0.0,0.0,-2.101959228515625,XGBoost,RH,314
1332,3996,11.961961961961961,10.085085085085085,35.88588588588589,2.3209686279296875,XGBoost,Aging,314
1277,5108,2.623335943617854,1.331245105716523,10.493343774471416,0.7719383239746094,XGBoost,J,314
