protocol,fold,R2,types_in_validation,RH_levels_in_validation
unshuffled KFold on type-ordered rows (old learning curve),1,0.96169,[np.int64(1)],"[np.int64(65), np.int64(70), np.int64(80), np.int64(90)]"
unshuffled KFold on type-ordered rows (old learning curve),2,0.93276,"[np.int64(1), np.int64(2)]","[np.int64(65), np.int64(70), np.int64(80), np.int64(90)]"
unshuffled KFold on type-ordered rows (old learning curve),3,0.97132,"[np.int64(2), np.int64(3)]","[np.int64(65), np.int64(70), np.int64(80), np.int64(90)]"
unshuffled KFold on type-ordered rows (old learning curve),4,0.97412,"[np.int64(3), np.int64(4)]","[np.int64(65), np.int64(70), np.int64(80), np.int64(90)]"
unshuffled KFold on type-ordered rows (old learning curve),5,0.94067,[np.int64(4)],"[np.int64(65), np.int64(70), np.int64(80), np.int64(90)]"
shuffled KFold (seed 42),1,0.98927,"[np.int64(1), np.int64(2), np.int64(3), np.int64(4)]","[np.int64(65), np.int64(70), np.int64(80), np.int64(90)]"
shuffled KFold (seed 42),2,0.98867,"[np.int64(1), np.int64(2), np.int64(3), np.int64(4)]","[np.int64(65), np.int64(70), np.int64(80), np.int64(90)]"
shuffled KFold (seed 42),3,0.98811,"[np.int64(1), np.int64(2), np.int64(3), np.int64(4)]","[np.int64(65), np.int64(70), np.int64(80), np.int64(90)]"
shuffled KFold (seed 42),4,0.98885,"[np.int64(1), np.int64(2), np.int64(3), np.int64(4)]","[np.int64(65), np.int64(70), np.int64(80), np.int64(90)]"
shuffled KFold (seed 42),5,0.98885,"[np.int64(1), np.int64(2), np.int64(3), np.int64(4)]","[np.int64(65), np.int64(70), np.int64(80), np.int64(90)]"
