XGBoost,LightGBM,HistGBR,intercept,Seed
0.38279676966071696,0.0,0.6098161716337547,0.6281087146578983,42
0.0,0.09385943456107679,0.8998818849913349,0.5377017414318885,7
0.3929063772889496,0.16377264451545062,0.43827318187954256,0.4249339549789255,13
0.05023107809068107,0.15862386692047606,0.7847318384665893,0.5323278600167924,99
0.16714221031559173,0.14436204446115836,0.6835166128134857,0.42243153262693056,2024
0.2974463109082663,0.0,0.6953990180620229,0.616296572853102,17
0.30545186614231196,0.091013262397137,0.6095823540920196,-0.5228182556419938,88
0.042257622420757854,0.1788399370165312,0.7733416014752994,0.466807820483254,55
0.33510989313686507,0.24977210098582142,0.41485621581120025,0.02392860119805107,101
0.31313103541003706,0.0,0.6792760593573995,0.6354909665565316,314
