XGBoost,LightGBM,GBR,HistGBR,RF,Extra Trees,KNN,Seed
0.98835,0.98803,0.98837,0.98811,0.98471,0.98349,0.96698,42
0.98797,0.9874,0.98799,0.98794,0.98415,0.98271,0.96453,7
0.98853,0.98807,0.98851,0.98829,0.98483,0.98373,0.966,13
0.98811,0.98774,0.98819,0.98791,0.98459,0.98315,0.96378,99
0.98839,0.98777,0.98844,0.98825,0.98481,0.98342,0.96685,2024
0.98857,0.98814,0.98852,0.98835,0.98515,0.9838,0.96772,17
0.98782,0.98744,0.98783,0.98773,0.98405,0.98218,0.9651,88
0.98811,0.98763,0.98819,0.98798,0.98428,0.98286,0.96708,55
0.98801,0.98736,0.98792,0.98782,0.98424,0.98283,0.9649,101
0.98816,0.98786,0.98808,0.98802,0.98428,0.98285,0.96617,314
