Sample,RH,Aging,J,K,b_SDD,r2_loglog
1,65,0,1.0,0,-0.14670285606229647,0.96358604372085
1,65,0,1.5,15,-0.17340389127101577,0.9641914777541865
1,65,0,1.5,20,-0.16913232539742679,0.963985310768069
1,65,0,1.5,30,-0.14987980977667723,0.944820680650895
1,65,0,1.5,40,-0.14735338061330186,0.9404571053089554
1,65,0,1.5,50,-0.15597040860301695,0.9493274514037651
1,65,0,3.0,15,-0.16422306781580176,0.9875995694987427
1,65,0,3.0,20,-0.17270097864770018,0.9867450864972062
1,65,0,3.0,30,-0.1777834092297077,0.9664192903778704
1,65,0,3.0,40,-0.16803134516164003,0.9382407149147569
1,65,0,3.0,50,-0.17953209748102042,0.9680117918165865
1,65,0,6.0,15,-0.1819776038508586,0.9607004702109628
1,65,0,6.0,20,-0.17959351770137055,0.9978829793223124
1,65,0,6.0,30,-0.1860063853829963,0.9875980229801403
1,65,0,6.0,40,-0.1996682146701917,0.9699716960285958
1,65,0,6.0,50,-0.18685278053078935,0.987592113030674
1,65,0,9.0,15,-0.1793061200180107,0.9556560537245088
1,65,0,9.0,20,-0.20822279904209207,0.9109178447619353
1,65,0,9.0,30,-0.19283347861491126,0.952057512745636
1,65,0,9.0,40,-0.22474117794492696,0.9453378471412304
1,65,0,9.0,50,-0.1919718338437453,0.9527082962528551
1,65,0,15.0,15,-0.17832364239626042,0.9539349695121935
1,65,0,15.0,20,-0.21039801814899609,0.9034934196355693
1,65,0,15.0,30,-0.19307983143343865,0.9461809000678942
1,65,0,15.0,40,-0.22643694458443756,0.9447715046259143
1,65,0,15.0,50,-0.19647798782746012,0.9447223265946061
1,65,15,1.0,0,-0.13942704025478028,0.9805167545102529
1,65,15,1.5,15,-0.18187264766586525,0.8709918218612166
1,65,15,1.5,20,-0.16111102132510774,0.9309933108886651
1,65,15,1.5,30,-0.1555241985159621,0.9466996049871346
1,65,15,1.5,40,-0.16220023290316984,0.9361521933070245
1,65,15,1.5,50,-0.15284851474109712,0.9416538516161596
1,65,15,3.0,15,-0.15021992146898183,0.9514829775153719
1,65,15,3.0,20,-0.1816377631388299,0.9522033549129553
1,65,15,3.0,30,-0.15731751958183432,0.9743842168539153
1,65,15,3.0,40,-0.16999653489255007,0.9899090721301558
1,65,15,3.0,50,-0.15694876420973874,0.974711863402201
1,65,15,6.0,15,-0.1530312658244132,0.979631558855013
1,65,15,6.0,20,-0.2062870707570869,0.9421160564228485
1,65,15,6.0,30,-0.17475708391740524,0.9930254987325715
1,65,15,6.0,40,-0.1751565115251462,0.9851371822421688
1,65,15,6.0,50,-0.17428475209276142,0.9922955211427392
1,65,15,9.0,15,-0.18415866788691831,0.9471211989268551
1,65,15,9.0,20,-0.17296068377845003,0.9861849562194348
1,65,15,9.0,30,-0.21001200786238403,0.9474473625175794
1,65,15,9.0,40,-0.20863823542812382,0.9677312502050741
1,65,15,9.0,50,-0.2119576121420061,0.9349732583589708
1,65,15,15.0,15,-0.18481295596106642,0.9367443207688025
1,65,15,15.0,20,-0.17501522291855653,0.9872288044395049
1,65,15,15.0,30,-0.2104381325845275,0.9558254952937597
1,65,15,15.0,40,-0.2101853780781765,0.970080679803922
1,65,15,15.0,50,-0.21370326983460636,0.9509761926475178
1,65,30,1.0,0,-0.15226741674375227,0.968813375348889
1,65,30,1.5,15,-0.14401002700144488,0.9900740769911104
1,65,30,1.5,20,-0.1727349976930293,0.921053104601327
1,65,30,1.5,30,-0.20006695797588073,0.9104067096091688
1,65,30,1.5,40,-0.19752398895714934,0.9395564419376212
1,65,30,1.5,50,-0.20161985210623107,0.9105407676272594
1,65,30,3.0,15,-0.18074378154182572,0.9156126410392217
1,65,30,3.0,20,-0.1906985552830972,0.9681701554774922
1,65,30,3.0,30,-0.18641957143345245,0.9326188771971855
1,65,30,3.0,40,-0.15688596481370662,0.9439789307104323
1,65,30,3.0,50,-0.1901558850370118,0.9306327637401463
1,65,30,6.0,15,-0.19168432791756462,0.9819732821568354
1,65,30,6.0,20,-0.1892505834857481,0.9205310330546433
1,65,30,6.0,30,-0.18383901338414443,0.9799916244487524
1,65,30,6.0,40,-0.1902620178280348,0.9692471955099187
1,65,30,6.0,50,-0.18780017953054123,0.9759009530781042
1,65,30,9.0,15,-0.165272736903181,0.9912777051301449
1,65,30,9.0,20,-0.23616090091605918,0.9229383428070078
1,65,30,9.0,30,-0.2233432523976748,0.9540945923950226
1,65,30,9.0,40,-0.23536817581531252,0.9036078865571129
1,65,30,9.0,50,-0.22774427701287747,0.9637286781614175
1,65,30,15.0,15,-0.16760529918359923,0.9938381319826302
1,65,30,15.0,20,-0.2396043912651667,0.9250360668043504
1,65,30,15.0,30,-0.22483710586424877,0.9529226725848541
1,65,30,15.0,40,-0.2375455308439169,0.9031168108492938
1,65,30,15.0,50,-0.2286361863017226,0.9525892468352648
1,65,45,1.0,0,-0.18534520446813776,0.946204083652382
1,65,45,1.5,15,-0.18072653696186963,0.9621859716673895
1,65,45,1.5,20,-0.181207459162653,0.9762985458690825
1,65,45,1.5,30,-0.2029599691434625,0.8546243774297617
1,65,45,1.5,40,-0.17406991573769848,0.9845907814898014
1,65,45,1.5,50,-0.20455938282798816,0.865471119379276
1,65,45,3.0,15,-0.2011501786065839,0.9460576749171423
1,65,45,3.0,20,-0.17960502498196246,0.8726083265588559
1,65,45,3.0,30,-0.1743997764304731,0.9758057786443345
1,65,45,3.0,40,-0.20033182677447273,0.9735675050888111
1,65,45,3.0,50,-0.17091416663348497,0.9792417510312488
1,65,45,6.0,15,-0.2068273356906422,0.962122536140386
1,65,45,6.0,20,-0.17950355822702327,0.9423347232454512
1,65,45,6.0,30,-0.18101588296301294,0.9864341984845109
1,65,45,6.0,40,-0.1860538909859057,0.9661450905178685
1,65,45,6.0,50,-0.18171925970443842,0.9847515200046801
1,65,45,9.0,15,-0.2037115640319874,0.8828833675318883
1,65,45,9.0,20,-0.18956396264088327,0.9543507294908411
1,65,45,9.0,30,-0.24619947898960934,0.9614987810013017
1,65,45,9.0,40,-0.23747520827495944,0.9688327801850658
1,65,45,9.0,50,-0.24939407903869223,0.9640176911136421
1,65,45,15.0,15,-0.20624965552706764,0.89521788903321
1,65,45,15.0,20,-0.1945040457097606,0.9576866926429451
1,65,45,15.0,30,-0.24756943454707725,0.9629658469372802
1,65,45,15.0,40,-0.23954277053041984,0.9647462967172713
1,65,45,15.0,50,-0.25276343396849865,0.9634057877565513
1,70,0,1.0,0,-0.15379559375300034,0.9710581430629197
1,70,0,1.5,15,-0.18159854971580405,0.9344251391718744
1,70,0,1.5,20,-0.17413327444729879,0.9788312033445372
1,70,0,1.5,30,-0.18804621080803186,0.9897509851028214
1,70,0,1.5,40,-0.17671181035750314,0.9631704141679197
1,70,0,1.5,50,-0.18720629975347838,0.9911167905855041
1,70,0,3.0,15,-0.1936156154235017,0.9440638372937172
1,70,0,3.0,20,-0.16635649691101567,0.9768750327575455
1,70,0,3.0,30,-0.17874204779349773,0.9453925118476569
1,70,0,3.0,40,-0.21380588407434173,0.9182005279804242
1,70,0,3.0,50,-0.18016054564943648,0.9409407839969487
1,70,0,6.0,15,-0.24141936669126907,0.9286064692732267
1,70,0,6.0,20,-0.22467369288723116,0.9445359735533125
1,70,0,6.0,30,-0.2524479962431192,0.9792679958376739
1,70,0,6.0,40,-0.21454368561345036,0.9770054627424473
1,70,0,6.0,50,-0.25545414244675985,0.9742627889622526
1,70,0,9.0,15,-0.21368659857386443,0.9522257933715806
1,70,0,9.0,20,-0.2525921852966727,0.9791114926723822
1,70,0,9.0,30,-0.21846166407280818,0.9982964147412726
1,70,0,9.0,40,-0.21621542753848608,0.9961396380596469
1,70,0,9.0,50,-0.2192124102776134,0.998454189769531
1,70,0,15.0,15,-0.21737408279567627,0.9599281480816161
1,70,0,15.0,20,-0.2527327042535059,0.9771695424418446
1,70,0,15.0,30,-0.22138943381186788,0.9976504245522634
1,70,0,15.0,40,-0.22045191226140792,0.9960425110342066
1,70,0,15.0,50,-0.22130862389325504,0.9980660126215303
1,70,15,1.0,0,-0.1671189505958196,0.9219989910405828
1,70,15,1.5,15,-0.19595449545069518,0.9266660976810766
1,70,15,1.5,20,-0.19696293675840673,0.9305301601925893
1,70,15,1.5,30,-0.17276536376902268,0.9651505501266114
1,70,15,1.5,40,-0.13482861259232784,0.9669134974840722
1,70,15,1.5,50,-0.17287219446853694,0.967549570054879
1,70,15,3.0,15,-0.19006392468156136,0.9715692639829772
1,70,15,3.0,20,-0.19295205301620807,0.967140863684277
1,70,15,3.0,30,-0.22017316708321136,0.9699272694146226
1,70,15,3.0,40,-0.18968673812715015,0.8892791180966338
1,70,15,3.0,50,-0.22532590202618166,0.9684393738579874
1,70,15,6.0,15,-0.2214730528323118,0.9717918155226014
1,70,15,6.0,20,-0.21891121928497131,0.973608917407948
1,70,15,6.0,30,-0.18111695443761142,0.9858785602135276
1,70,15,6.0,40,-0.22293654380794467,0.904925316833559
1,70,15,6.0,50,-0.18465345340269274,0.9888149897693234
1,70,15,9.0,15,-0.2183615686233928,0.9414801321688007
1,70,15,9.0,20,-0.17778098490093766,0.9598842299944997
1,70,15,9.0,30,-0.2148003277241419,0.9729261731240884
1,70,15,9.0,40,-0.2014869270616195,0.9509461015532766
1,70,15,9.0,50,-0.21334900857270045,0.9708914202821949
1,70,15,15.0,15,-0.22035439306652566,0.9382379008380674
1,70,15,15.0,20,-0.1771594978485806,0.9582792134964107
1,70,15,15.0,30,-0.21728251938731374,0.9718042442189203
1,70,15,15.0,40,-0.20908354616662006,0.9469488390508887
1,70,15,15.0,50,-0.21600322586032702,0.9732065066818394
1,70,30,1.0,0,-0.15202481891165306,0.9519265942288407
1,70,30,1.5,15,-0.194488829675288,0.9589221349496944
1,70,30,1.5,20,-0.2084662396904191,0.9738846536530646
1,70,30,1.5,30,-0.2027500229245191,0.8621768830353247
1,70,30,1.5,40,-0.21343736276810174,0.9410243027598421
1,70,30,1.5,50,-0.2070892618726424,0.8600709160136764
1,70,30,3.0,15,-0.21321125749123312,0.9844437200031699
1,70,30,3.0,20,-0.18160715652578335,0.9550720232314938
1,70,30,3.0,30,-0.2373655917830138,0.9242941229270857
1,70,30,3.0,40,-0.18079439403086703,0.9577807792361887
1,70,30,3.0,50,-0.23960098950761574,0.9220038715038797
1,70,30,6.0,15,-0.22596214359739802,0.9402659472598204
1,70,30,6.0,20,-0.18500941143243707,0.985213426496067
1,70,30,6.0,30,-0.22905006284953008,0.9504336350689602
1,70,30,6.0,40,-0.2025294454494466,0.988406712941857
1,70,30,6.0,50,-0.2332414472204625,0.9445237943652534
1,70,30,9.0,15,-0.2180329060353671,0.9509522330556318
1,70,30,9.0,20,-0.2346328770966113,0.9748308042177859
1,70,30,9.0,30,-0.2762226204893292,0.9134612870726027
1,70,30,9.0,40,-0.25215683514091536,0.9525464781106187
1,70,30,9.0,50,-0.2778864631473671,0.9144177545401398
1,70,30,15.0,15,-0.22321683183371074,0.9507798179332834
1,70,30,15.0,20,-0.23587896626798263,0.9717216369138661
1,70,30,15.0,30,-0.27923104794900033,0.9165595886809512
1,70,30,15.0,40,-0.25537036352504466,0.9521762070242219
1,70,30,15.0,50,-0.27688121851037145,0.915289529267172
1,70,45,1.0,0,-0.1541372469667935,0.9680422640806983
1,70,45,1.5,15,-0.17907773082239897,0.9504681967277778
1,70,45,1.5,20,-0.1894299688807518,0.9688213647321073
1,70,45,1.5,30,-0.23135478147952449,0.8800222885221285
1,70,45,1.5,40,-0.18131404946811167,0.8978412199726692
1,70,45,1.5,50,-0.23320514036308768,0.8903698394261075
1,70,45,3.0,15,-0.21935767166981604,0.808965642912666
1,70,45,3.0,20,-0.21315286492779353,0.8896820285537157
1,70,45,3.0,30,-0.223902926005716,0.8604678089879702
1,70,45,3.0,40,-0.2116076632169304,0.9045297391923975
1,70,45,3.0,50,-0.2199409015779987,0.8626510253893385
1,70,45,6.0,15,-0.2182705188634418,0.8668172163830279
1,70,45,6.0,20,-0.3136565024071633,0.9500723541336394
1,70,45,6.0,30,-0.2895134210833194,0.8148703654216098
1,70,45,6.0,40,-0.2312653457380491,0.9369944733522633
1,70,45,6.0,50,-0.2923995109694275,0.8282353407316504
1,70,45,9.0,15,-0.25224439652408687,0.9438380791950286
1,70,45,9.0,20,-0.2962527160346681,0.9318565838834116
1,70,45,9.0,30,-0.2727650802221555,0.9421091251015437
1,70,45,9.0,40,-0.2862155548482298,0.9758891732298498
1,70,45,9.0,50,-0.27742041801826706,0.9480492601283357
1,70,45,15.0,15,-0.25760052628031194,0.9551908646004357
1,70,45,15.0,20,-0.29740117389874937,0.9324841055391724
1,70,45,15.0,30,-0.2798435609675031,0.9424756845346633
1,70,45,15.0,40,-0.2863801333062085,0.9719191534437845
1,70,45,15.0,50,-0.281380588486756,0.9530029338823679
1,80,0,1.0,0,-0.19936998582678844,0.9837244831207349
1,80,0,1.5,15,-0.25602849466038896,0.9287864594241483
1,80,0,1.5,20,-0.18271128921373875,0.972892545994745
1,80,0,1.5,30,-0.25080674935179803,0.9894301997336561
1,80,0,1.5,40,-0.2383016312253504,0.9255310156104651
1,80,0,1.5,50,-0.24911542485348806,0.9920122628538637
1,80,0,3.0,15,-0.24110591149985275,0.9767852758805452
1,80,0,3.0,20,-0.2467797288714222,0.9386873249394913
1,80,0,3.0,30,-0.2426451100307212,0.9512913867946615
1,80,0,3.0,40,-0.2762639157062479,0.9494428175053131
1,80,0,3.0,50,-0.24529954484980185,0.954529024616017
1,80,0,6.0,15,-0.2342561415976844,0.9940293253907143
1,80,0,6.0,20,-0.2843092140826356,0.9070656368132065
1,80,0,6.0,30,-0.26255399358903797,0.9797700750731759
1,80,0,6.0,40,-0.3547959472609532,0.9445625609929712
1,80,0,6.0,50,-0.2622132957808273,0.9763612092048317
1,80,0,9.0,15,-0.22936164711015625,0.9596464023476808
1,80,0,9.0,20,-0.3065368581237057,0.9684453708559129
1,80,0,9.0,30,-0.3695406758911218,0.9282863206382103
1,80,0,9.0,40,-0.32448534483089597,0.955466400767156
1,80,0,9.0,50,-0.37725836429449255,0.927494120259014
1,80,0,15.0,15,-0.23447829018087524,0.9595337752904983
1,80,0,15.0,20,-0.3085840766111976,0.967321971741583
1,80,0,15.0,30,-0.3727073025501737,0.9249090480843213
1,80,0,15.0,40,-0.32633339378331994,0.9572339046762025
1,80,0,15.0,50,-0.3778597973357954,0.9247148587100931
1,80,15,1.0,0,-0.23398293373296608,0.920464207315468
1,80,15,1.5,15,-0.26686649686132036,0.979122808742312
1,80,15,1.5,20,-0.23393157313816132,0.9360671508330664
1,80,15,1.5,30,-0.26760724377250217,0.9620571592948118
1,80,15,1.5,40,-0.25506023477325074,0.9404275938031162
1,80,15,1.5,50,-0.26498403047202185,0.9571626225728884
1,80,15,3.0,15,-0.27463342379870925,0.9854782454959061
1,80,15,3.0,20,-0.24585339569830356,0.9654782301491307
1,80,15,3.0,30,-0.23176415718659782,0.9457841709095964
1,80,15,3.0,40,-0.291105920960985,0.9722095530824454
1,80,15,3.0,50,-0.23589627373756253,0.9497490532269135
1,80,15,6.0,15,-0.28112291720821975,0.9601118911274726
1,80,15,6.0,20,-0.2855032100767667,0.9160713436955797
1,80,15,6.0,30,-0.28015766122146946,0.973465090167912
1,80,15,6.0,40,-0.2341807715980979,0.975970625438261
1,80,15,6.0,50,-0.2850453929887968,0.966591950873644
1,80,15,9.0,15,-0.2854134912277458,0.9901060386077208
1,80,15,9.0,20,-0.3242398331380646,0.9115044922128642
1,80,15,9.0,30,-0.29811125285399104,0.972268653496177
1,80,15,9.0,40,-0.3119751509684494,0.9913797214670285
1,80,15,9.0,50,-0.30362554884068277,0.9724924329511135
1,80,15,15.0,15,-0.28959091230583717,0.9900348924070477
1,80,15,15.0,20,-0.3303286180390332,0.9119812409293213
1,80,15,15.0,30,-0.2990766419057885,0.9689541578773012
1,80,15,15.0,40,-0.31361871585057516,0.9896599779698159
1,80,15,15.0,50,-0.3018178830716168,0.9691685742548619
1,80,30,1.0,0,-0.2145394208596225,0.9671193113193084
1,80,30,1.5,15,-0.23521315171105003,0.9373433502596891
1,80,30,1.5,20,-0.23481794150677188,0.989143032096037
1,80,30,1.5,30,-0.23496364173762374,0.9691436788426918
1,80,30,1.5,40,-0.28043646228339364,0.9610038048780707
1,80,30,1.5,50,-0.2325064435852665,0.9672421622999461
1,80,30,3.0,15,-0.2310876984244684,0.8998127167183717
1,80,30,3.0,20,-0.24372164701669372,0.9495830674274602
1,80,30,3.0,30,-0.28841032966403835,0.9602773733859523
1,80,30,3.0,40,-0.24566152716077655,0.9996000531503968
1,80,30,3.0,50,-0.2893671657706251,0.9596887499123664
1,80,30,6.0,15,-0.31098807014865126,0.9613681969329396
1,80,30,6.0,20,-0.32462159151928016,0.8772080344750437
1,80,30,6.0,30,-0.28812765890116293,0.9556647789584807
1,80,30,6.0,40,-0.3297165704852674,0.9627906488886957
1,80,30,6.0,50,-0.29180623892418717,0.9555862604477222
1,80,30,9.0,15,-0.2989980778687015,0.9622983422682392
1,80,30,9.0,20,-0.3463114334374834,0.8828249069376936
1,80,30,9.0,30,-0.3631366027177797,0.9656310289872166
1,80,30,9.0,40,-0.32445985568734,0.9734514458200162
1,80,30,9.0,50,-0.3669051503207509,0.9662756109775863
1,80,30,15.0,15,-0.29822141040970124,0.965100539053846
1,80,30,15.0,20,-0.34897753161721834,0.8832509851343409
1,80,30,15.0,30,-0.36246339552967455,0.9623524492956492
1,80,30,15.0,40,-0.3306578881034882,0.9741330447167721
1,80,30,15.0,50,-0.3660882034314443,0.9641603254179933
1,80,45,1.0,0,-0.24897264372177885,0.9272689953678936
1,80,45,1.5,15,-0.21260299785617193,0.9923156304690441
1,80,45,1.5,20,-0.34127558131403457,0.9265267710657499
1,80,45,1.5,30,-0.31332458602050933,0.9346938012449014
1,80,45,1.5,40,-0.2340621678289726,0.9274007025534556
1,80,45,1.5,50,-0.32080929073234027,0.9329322346843165
1,80,45,3.0,15,-0.3194884513399806,0.9928196126540212
1,80,45,3.0,20,-0.2630128506959014,0.9900863826706182
1,80,45,3.0,30,-0.30928832651497706,0.9388886155586863
1,80,45,3.0,40,-0.24314896085836793,0.9537762450777493
1,80,45,3.0,50,-0.3065588342612836,0.9303255796677737
1,80,45,6.0,15,-0.2754006075688321,0.987468146040433
1,80,45,6.0,20,-0.31451883575938283,0.9800480581919744
1,80,45,6.0,30,-0.37735773572901843,0.9272802258447002
1,80,45,6.0,40,-0.31624652208549825,0.9476626543028017
1,80,45,6.0,50,-0.37943194257835433,0.9309409981373207
1,80,45,9.0,15,-0.32860748821803565,0.9226629806960923
1,80,45,9.0,20,-0.3387475467901346,0.9831430131656937
1,80,45,9.0,30,-0.36140904215709635,0.9201451519825656
1,80,45,9.0,40,-0.36734946244377387,0.9469835483365674
1,80,45,9.0,50,-0.3700299295943324,0.9250710283919086
1,80,45,15.0,15,-0.33043222218371254,0.9134054984768785
1,80,45,15.0,20,-0.34053329975543534,0.9819252915347628
1,80,45,15.0,30,-0.3619534342833087,0.9209599514431474
1,80,45,15.0,40,-0.37088154799035034,0.9454579731759477
1,80,45,15.0,50,-0.373749687765648,0.9388948970772423
1,90,0,1.0,0,-0.20466513940111347,0.9814007907572841
1,90,0,1.5,15,-0.23724115144919888,0.9575326202259341
1,90,0,1.5,20,-0.23787368528977276,0.9902400981486296
1,90,0,1.5,30,-0.25298409221792933,0.9733821190114782
1,90,0,1.5,40,-0.2555576625598622,0.9581529556448944
1,90,0,1.5,50,-0.25546536856883056,0.9671242486958087
1,90,0,3.0,15,-0.27211524918960023,0.9688950051688608
1,90,0,3.0,20,-0.24669397360399048,0.9277198968269393
1,90,0,3.0,30,-0.28240143022629716,0.8897770150065603
1,90,0,3.0,40,-0.2856948601127262,0.9759089450014058
1,90,0,3.0,50,-0.28031819667803315,0.88872396136013
1,90,0,6.0,15,-0.32000343276888044,0.9647062554691314
1,90,0,6.0,20,-0.29489439583874116,0.9704261432635181
1,90,0,6.0,30,-0.2652832864885265,0.9702433762180791
1,90,0,6.0,40,-0.30841519827856245,0.9736582245365484
1,90,0,6.0,50,-0.2636983396293705,0.9693429554650441
1,90,0,9.0,15,-0.2801007117826206,0.9873025541184912
1,90,0,9.0,20,-0.2772494203071371,0.9944372097545724
1,90,0,9.0,30,-0.40369417517706707,0.9522742459541206
1,90,0,9.0,40,-0.29431060638167383,0.9238786567257171
1,90,0,9.0,50,-0.40087416001267856,0.9519766500553853
1,90,0,15.0,15,-0.28515516602242325,0.9882488137262156
1,90,0,15.0,20,-0.28273722108348653,0.9955224128701339
1,90,0,15.0,30,-0.40548503336974817,0.9494892708658846
1,90,0,15.0,40,-0.3020265333517359,0.9273921389234087
1,90,0,15.0,50,-0.4109753796148308,0.9501587177699529
1,90,15,1.0,0,-0.21615373396817675,0.9738907710674934
1,90,15,1.5,15,-0.2056757063367315,0.9509692241571918
1,90,15,1.5,20,-0.2583480789208405,0.9675296894910568
1,90,15,1.5,30,-0.2398883310902005,0.98340879061615
1,90,15,1.5,40,-0.27480328113261054,0.9971336168491239
1,90,15,1.5,50,-0.23892676257730577,0.9861682300920495
1,90,15,3.0,15,-0.2734470601988437,0.9546459303453146
1,90,15,3.0,20,-0.2710376246085364,0.969962116912254
1,90,15,3.0,30,-0.26318118038380395,0.9768710049510424
1,90,15,3.0,40,-0.2661247336246095,0.988117648674046
1,90,15,3.0,50,-0.26038219869137996,0.9746634642373375
1,90,15,6.0,15,-0.2873291325440116,0.9438451078495929
1,90,15,6.0,20,-0.3319431718948094,0.9415472783926572
1,90,15,6.0,30,-0.33171823536190975,0.9348439044745657
1,90,15,6.0,40,-0.35057033389903586,0.9749468287390578
1,90,15,6.0,50,-0.3300285483355185,0.9317085090864985
1,90,15,9.0,15,-0.2389089274623692,0.9944754398252029
1,90,15,9.0,20,-0.35564505675366587,0.9176503230982298
1,90,15,9.0,30,-0.345594240003738,0.9607309274237557
1,90,15,9.0,40,-0.3344316308127338,0.9761166365015924
1,90,15,9.0,50,-0.3507186511463773,0.9562943597545179
1,90,15,15.0,15,-0.24187456079887026,0.9965454903882961
1,90,15,15.0,20,-0.3597606254088347,0.9158790748821162
1,90,15,15.0,30,-0.34516441638984247,0.9576166457781605
1,90,15,15.0,40,-0.34139280524672627,0.976398031498856
1,90,15,15.0,50,-0.34461315932506614,0.9571720712760418
1,90,30,1.0,0,-0.22455091243176942,0.976026478361776
1,90,30,1.5,15,-0.18609906632278067,0.9653330200839838
1,90,30,1.5,20,-0.2775931425983375,0.958717040108401
1,90,30,1.5,30,-0.2790441559038444,0.9793620862542625
1,90,30,1.5,40,-0.25470530257581253,0.9485717032651236
1,90,30,1.5,50,-0.2802514759360199,0.9818072745606132
1,90,30,3.0,15,-0.2958425359714252,0.9764116309657462
1,90,30,3.0,20,-0.23110539880462147,0.9610262871012779
1,90,30,3.0,30,-0.2969350866762583,0.9640331427978945
1,90,30,3.0,40,-0.3515489901771,0.9202048313852041
1,90,30,3.0,50,-0.30680796446780245,0.9586914021412943
1,90,30,6.0,15,-0.2997555658467973,0.9750871999308506
1,90,30,6.0,20,-0.31273760330467254,0.8668097325790631
1,90,30,6.0,30,-0.31297654133037633,0.9940271654944695
1,90,30,6.0,40,-0.379545625125174,0.9500903133197103
1,90,30,6.0,50,-0.3110012692570408,0.9920510295402305
1,90,30,9.0,15,-0.27362959036337703,0.9686560632432494
1,90,30,9.0,20,-0.319542025381393,0.960301922461758
1,90,30,9.0,30,-0.396486177419789,0.9117513614934966
1,90,30,9.0,40,-0.2976393841630376,0.9483928600372468
1,90,30,9.0,50,-0.39810708289950725,0.9122797635517911
1,90,30,15.0,15,-0.2772199211498007,0.9681671584050267
1,90,30,15.0,20,-0.32207596094029267,0.9559021710866606
1,90,30,15.0,30,-0.3990318510010091,0.912330433927503
1,90,30,15.0,40,-0.303401691903121,0.9507350604106826
1,90,30,15.0,50,-0.40429607233933335,0.9129062691338112
1,90,45,1.0,0,-0.1719172910613312,0.991065310638013
1,90,45,1.5,15,-0.24497626788191254,0.9999568709537934
1,90,45,1.5,20,-0.2349685966299395,0.9919953042596772
1,90,45,1.5,30,-0.27584431250595515,0.8852411159341753
1,90,45,1.5,40,-0.2219405897362847,0.8780632262297563
1,90,45,1.5,50,-0.2815651200261653,0.8798559112605068
1,90,45,3.0,15,-0.30578283695498054,0.9099458527121721
1,90,45,3.0,20,-0.35912507797887316,0.9089192948716134
1,90,45,3.0,30,-0.3064674431759864,0.9983206623812194
1,90,45,3.0,40,-0.36395199049307625,0.9330173349479358
1,90,45,3.0,50,-0.31000532421156984,0.9985286192422963
1,90,45,6.0,15,-0.383277713247228,0.9046369571941827
1,90,45,6.0,20,-0.3021404081736063,0.9048285322270433
1,90,45,6.0,30,-0.4199363701002544,0.8403161187487923
1,90,45,6.0,40,-0.4022410721475599,0.9452032269337584
1,90,45,6.0,50,-0.428762110437198,0.832961439213395
1,90,45,9.0,15,-0.3745452310111781,0.863439270977839
1,90,45,9.0,20,-0.46825760147002304,0.9080984416812014
1,90,45,9.0,30,-0.4365670229826184,0.9847816858527351
1,90,45,9.0,40,-0.4644646686292899,0.9830365549019288
1,90,45,9.0,50,-0.44561753412457966,0.9854648411288031
1,90,45,15.0,15,-0.37970172916680633,0.8629244185515859
1,90,45,15.0,20,-0.4875958058577309,0.8975179618988068
1,90,45,15.0,30,-0.44201452348325837,0.9831649381044673
1,90,45,15.0,40,-0.47422374126662237,0.9823496513834222
1,90,45,15.0,50,-0.4485511487550102,0.9794322007943846
2,65,0,1.0,0,-0.15812982897599642,0.928751719173749
2,65,0,1.5,15,-0.20234549523281942,0.9438552033611403
2,65,0,1.5,20,-0.1768245185363986,0.9174054234178779
2,65,0,1.5,30,-0.21432647948352693,0.8760434752555181
2,65,0,1.5,40,-0.19751000827406157,0.9603562064885695
2,65,0,1.5,50,-0.21634153214571575,0.8738387577181914
2,65,0,3.0,15,-0.21712169112387078,0.9411891757573262
2,65,0,3.0,20,-0.22614868895498055,0.956233192513486
2,65,0,3.0,30,-0.18338617365592894,0.9436769010217871
2,65,0,3.0,40,-0.22843127834724591,0.939117191105739
2,65,0,3.0,50,-0.1827560888217634,0.9524623024036072
2,65,0,6.0,15,-0.165632281003325,0.9717023053428767
2,65,0,6.0,20,-0.22622564189865954,0.9452665821656132
2,65,0,6.0,30,-0.2417807449443283,0.9070089240027466
2,65,0,6.0,40,-0.19924285638059522,0.9865297689974103
2,65,0,6.0,50,-0.24496020213988656,0.9008584491581215
2,65,0,9.0,15,-0.24293935067539596,0.938016094666713
2,65,0,9.0,20,-0.2111933579042809,0.9559260793428184
2,65,0,9.0,30,-0.18205226192495955,0.9545332233754996
2,65,0,9.0,40,-0.25229374919288805,0.9088123534752591
2,65,0,9.0,50,-0.17828380500766663,0.9553193264173553
2,65,0,15.0,15,-0.24601544411551277,0.9402852518628065
2,65,0,15.0,20,-0.21209554255940416,0.9599269091103462
2,65,0,15.0,30,-0.18312012143461634,0.952681095999942
2,65,0,15.0,40,-0.26037297681975546,0.9039775429966405
2,65,0,15.0,50,-0.18132569121045064,0.9499065521966956
2,65,15,1.0,0,-0.18166282768813985,0.9730245931855007
2,65,15,1.5,15,-0.19010699642760423,0.9711417260356193
2,65,15,1.5,20,-0.2162129694471914,0.8633999892534238
2,65,15,1.5,30,-0.19342214552776588,0.9474094639183096
2,65,15,1.5,40,-0.19834481777419544,0.9224811493932079
2,65,15,1.5,50,-0.1950477169658914,0.9483319790835867
2,65,15,3.0,15,-0.16945264047699565,0.9471397761704241
2,65,15,3.0,20,-0.1888513116593694,0.9177789047514112
2,65,15,3.0,30,-0.194457764481249,0.9168228217934528
2,65,15,3.0,40,-0.17536960247434602,0.9910039740493234
2,65,15,3.0,50,-0.1972852016092109,0.9135577704830006
2,65,15,6.0,15,-0.20643817015687557,0.9568854335142813
2,65,15,6.0,20,-0.21500543052425491,0.8827866628355506
2,65,15,6.0,30,-0.21757170529541855,0.9574589739121939
2,65,15,6.0,40,-0.25750557361943294,0.8978031461592836
2,65,15,6.0,50,-0.21465059610869158,0.9569965573976007
2,65,15,9.0,15,-0.2480409189717927,0.8589208111730223
2,65,15,9.0,20,-0.26924666484834514,0.9673676228389474
2,65,15,9.0,30,-0.20711795076356676,0.9534232942373969
2,65,15,9.0,40,-0.2028902397574196,0.9321289329618141
2,65,15,9.0,50,-0.2096891356899057,0.9503102553097961
2,65,15,15.0,15,-0.25048150485653026,0.8598125699199648
2,65,15,15.0,20,-0.27446861672751777,0.9735221067986009
2,65,15,15.0,30,-0.2079443026752988,0.9470449950790023
2,65,15,15.0,40,-0.20590480066288894,0.9313765437283411
2,65,15,15.0,50,-0.20656155581690877,0.9338022761990116
2,65,30,1.0,0,-0.1646508200647283,0.9632618213022948
2,65,30,1.5,15,-0.15915127826706005,0.9982141383612203
2,65,30,1.5,20,-0.1723530875704347,0.9519079257747185
2,65,30,1.5,30,-0.21298818856632237,0.951413821300154
2,65,30,1.5,40,-0.22310447793877636,0.8452968691179874
2,65,30,1.5,50,-0.21111272270571646,0.9535903545522671
2,65,30,3.0,15,-0.20790727711952048,0.9273777783594871
2,65,30,3.0,20,-0.22779881105225525,0.9396199759514985
2,65,30,3.0,30,-0.199510314893723,0.9958443546332026
2,65,30,3.0,40,-0.18946042288893689,0.9258862993198208
2,65,30,3.0,50,-0.19811535353949739,0.9944535926046423
2,65,30,6.0,15,-0.22742381117899893,0.8646096907281262
2,65,30,6.0,20,-0.1835186397359845,0.9708108852944601
2,65,30,6.0,30,-0.22700538192922284,0.968093167329661
2,65,30,6.0,40,-0.1877453782366978,0.9726676172881239
2,65,30,6.0,50,-0.2279914109409373,0.9575855014607538
2,65,30,9.0,15,-0.2145603507720134,0.9289224455910116
2,65,30,9.0,20,-0.2509833388018636,0.8571132944201343
2,65,30,9.0,30,-0.2801062559162452,0.9363013979147856
2,65,30,9.0,40,-0.28602798060471907,0.9098962035124071
2,65,30,9.0,50,-0.27875306539176775,0.9421567623078517
2,65,30,15.0,15,-0.21475987943258645,0.9204589919363484
2,65,30,15.0,20,-0.25334939989047034,0.8486620149949385
2,65,30,15.0,30,-0.2858873004684219,0.9363382473316257
2,65,30,15.0,40,-0.28821117252161366,0.9111114543047526
2,65,30,15.0,50,-0.2869321626885544,0.9429200509279075
2,65,45,1.0,0,-0.17771973011149336,0.9551896831138486
2,65,45,1.5,15,-0.19907018084518532,0.9255491748086927
2,65,45,1.5,20,-0.1913883365443333,0.8864401633364183
2,65,45,1.5,30,-0.19553096581955146,0.9411155861251798
2,65,45,1.5,40,-0.22160619688507122,0.8676592561338312
2,65,45,1.5,50,-0.1985833650812802,0.9443831418686903
2,65,45,3.0,15,-0.18284139993033227,0.9426911595529258
2,65,45,3.0,20,-0.18087788042504802,0.9730723560158738
2,65,45,3.0,30,-0.2416605610282254,0.9715731260636219
2,65,45,3.0,40,-0.21377860287309974,0.9224563266491713
2,65,45,3.0,50,-0.24313431016162046,0.9675742713415764
2,65,45,6.0,15,-0.23772191654951194,0.9187607229445967
2,65,45,6.0,20,-0.29394747767617607,0.9270686656930011
2,65,45,6.0,30,-0.23230043133041992,0.964870009384376
2,65,45,6.0,40,-0.20886116575103095,0.9825847780792327
2,65,45,6.0,50,-0.22610305648641374,0.9610637505805144
2,65,45,9.0,15,-0.2388205154012224,0.9583057452160565
2,65,45,9.0,20,-0.2068071304362379,0.9919598134524107
2,65,45,9.0,30,-0.29110177288722894,0.9412305610186191
2,65,45,9.0,40,-0.2969066719208815,0.9762939474234705
2,65,45,9.0,50,-0.2924835630144579,0.9428368409410101
2,65,45,15.0,15,-0.2429354323750243,0.9579950067619066
2,65,45,15.0,20,-0.20855186026821781,0.9882850175357099
2,65,45,15.0,30,-0.2957160451438133,0.9488292351220918
2,65,45,15.0,40,-0.3088664074987448,0.9731342470435111
2,65,45,15.0,50,-0.2934060424906556,0.9487147956266531
2,70,0,1.0,0,-0.1567659627910898,0.9400835801530526
2,70,0,1.5,15,-0.1622716348394978,0.9409055123068963
2,70,0,1.5,20,-0.21604275206295817,0.9111301556084027
2,70,0,1.5,30,-0.20270908956683634,0.9110932013024375
2,70,0,1.5,40,-0.2445471720834146,0.9549012247899301
2,70,0,1.5,50,-0.20656208020159117,0.9122748911089631
2,70,0,3.0,15,-0.23681323064216855,0.969190962528911
2,70,0,3.0,20,-0.26035460455422516,0.9419571046289502
2,70,0,3.0,30,-0.20929036296980327,0.9692424472219472
2,70,0,3.0,40,-0.23426565850071138,0.9522584095478699
2,70,0,3.0,50,-0.20913762958471813,0.9682947464879388
2,70,0,6.0,15,-0.2259398047325532,0.9389948024207636
2,70,0,6.0,20,-0.23505981630137643,0.9718886702850279
2,70,0,6.0,30,-0.3131316928534711,0.9094939128143308
2,70,0,6.0,40,-0.2595102025314873,0.9489294941211109
2,70,0,6.0,50,-0.31728846728721494,0.9146342075565136
2,70,0,9.0,15,-0.24959006611151174,0.9468434183383744
2,70,0,9.0,20,-0.24160845272962683,0.9417084845174474
2,70,0,9.0,30,-0.26547704141423556,0.9793916656937328
2,70,0,9.0,40,-0.2511191649477187,0.9522933447499313
2,70,0,9.0,50,-0.2674318598168021,0.9774623293271917
2,70,0,15.0,15,-0.25312850992958225,0.950475464605147
2,70,0,15.0,20,-0.24865748930694653,0.9442248010884667
2,70,0,15.0,30,-0.26883170096559106,0.9758797520196668
2,70,0,15.0,40,-0.2510127363568317,0.9466790486905737
2,70,0,15.0,50,-0.27180471281069374,0.9743700269107993
2,70,15,1.0,0,-0.20565446758984957,0.9846525553313887
2,70,15,1.5,15,-0.2296114254177495,0.9204057817413328
2,70,15,1.5,20,-0.252816680296103,0.9152600873252316
2,70,15,1.5,30,-0.19838875413863957,0.9678481598638108
2,70,15,1.5,40,-0.26218353777998715,0.9499109357003641
2,70,15,1.5,50,-0.20155817915862442,0.9677795648058969
2,70,15,3.0,15,-0.20318593162493415,0.9581107105843512
2,70,15,3.0,20,-0.21600465138294028,0.8669533094381549
2,70,15,3.0,30,-0.22211052438450518,0.9678990687361391
2,70,15,3.0,40,-0.24031186394940235,0.9293989766717565
2,70,15,3.0,50,-0.2224701978900673,0.969600308056498
2,70,15,6.0,15,-0.2408729928866927,0.9481286236011061
2,70,15,6.0,20,-0.1961173862732483,0.9601891734371069
2,70,15,6.0,30,-0.2601883411134539,0.9434085631473177
2,70,15,6.0,40,-0.27365667637431773,0.8946443588261126
2,70,15,6.0,50,-0.25970382597759756,0.9447990691257051
2,70,15,9.0,15,-0.2266412217100284,0.9393532497319314
2,70,15,9.0,20,-0.24482093828572368,0.984213600101053
2,70,15,9.0,30,-0.2644684555234277,0.9531264838432263
2,70,15,9.0,40,-0.29417225470271574,0.8896803783219658
2,70,15,9.0,50,-0.2649715028258654,0.9568718843774573
2,70,15,15.0,15,-0.22622861690292134,0.9404359431051474
2,70,15,15.0,20,-0.2424318452959883,0.9850628409546638
2,70,15,15.0,30,-0.2710277259602663,0.9525403766722382
2,70,15,15.0,40,-0.2978911602387829,0.8943607175800761
2,70,15,15.0,50,-0.2692235254196648,0.9444041236520964
2,70,30,1.0,0,-0.19109321543273725,0.9840186164528755
2,70,30,1.5,15,-0.19294456301096377,0.9586825237617886
2,70,30,1.5,20,-0.18560726534583255,0.959740933893661
2,70,30,1.5,30,-0.2063540473707025,0.970345512754651
2,70,30,1.5,40,-0.2382939237732924,0.9718002650844766
2,70,30,1.5,50,-0.20158800900972926,0.9777078481775272
2,70,30,3.0,15,-0.216405125906633,0.9776945735607709
2,70,30,3.0,20,-0.24698526767707546,0.9802734100286912
2,70,30,3.0,30,-0.24844929571050084,0.9536476643752655
2,70,30,3.0,40,-0.2743254450048276,0.9788175792621879
2,70,30,3.0,50,-0.24732548682141214,0.9485153954657766
2,70,30,6.0,15,-0.2709083574830516,0.9581341326533358
2,70,30,6.0,20,-0.23744490207176122,0.9944193984425785
2,70,30,6.0,30,-0.30653853984918517,0.9407392919765276
2,70,30,6.0,40,-0.2713565397265386,0.8951219923153362
2,70,30,6.0,50,-0.30569726717310614,0.9412243580166688
2,70,30,9.0,15,-0.293423914755198,0.9598418911188835
2,70,30,9.0,20,-0.298287074313972,0.9785855253304082
2,70,30,9.0,30,-0.3147316157906474,0.9285628634309937
2,70,30,9.0,40,-0.2546979255096859,0.9701356646954051
2,70,30,9.0,50,-0.3217086920443416,0.9317090807501934
2,70,30,15.0,15,-0.2948980496251811,0.9581186721440617
2,70,30,15.0,20,-0.29817960923544484,0.9761453911009139
2,70,30,15.0,30,-0.3206996583036548,0.9316235757457887
2,70,30,15.0,40,-0.2569290957249494,0.9674668297438186
2,70,30,15.0,50,-0.32006366564249944,0.9249425356633755
2,70,45,1.0,0,-0.19482798347140942,0.9525797500330907
2,70,45,1.5,15,-0.22600478131270477,0.9331817548344719
2,70,45,1.5,20,-0.26706738824586157,0.9241360076143521
2,70,45,1.5,30,-0.2260389346647325,0.9583561747652569
2,70,45,1.5,40,-0.2402127222284793,0.9358948358836061
2,70,45,1.5,50,-0.22519088148025915,0.9578444719015861
2,70,45,3.0,15,-0.1840412134259618,0.8473130022112718
2,70,45,3.0,20,-0.24506781613840625,0.9328589918591467
2,70,45,3.0,30,-0.2682549719281282,0.8892636565714017
2,70,45,3.0,40,-0.24515006255106642,0.9065058978145862
2,70,45,3.0,50,-0.26973181424159703,0.8951791810715762
2,70,45,6.0,15,-0.2942580026538764,0.965834690447405
2,70,45,6.0,20,-0.26210723589253127,0.9120622291759516
2,70,45,6.0,30,-0.2899646704177982,0.9356678189788781
2,70,45,6.0,40,-0.30056822510983205,0.9325162547327926
2,70,45,6.0,50,-0.28662890437678656,0.9356414236763958
2,70,45,9.0,15,-0.2926021142571795,0.9887708146503089
2,70,45,9.0,20,-0.32796448104293796,0.9694693941273483
2,70,45,9.0,30,-0.3529319134813895,0.913972614535198
2,70,45,9.0,40,-0.3262430771824156,0.9282731000859795
2,70,45,9.0,50,-0.3511624961779217,0.9187066769465626
2,70,45,15.0,15,-0.29565336391772634,0.9903454541410193
2,70,45,15.0,20,-0.3279383179805349,0.970091909986416
2,70,45,15.0,30,-0.354618027047831,0.9164523056170113
2,70,45,15.0,40,-0.3290025302585419,0.9359444114977894
2,70,45,15.0,50,-0.3475768508647202,0.9137818194152363
2,80,0,1.0,0,-0.24000473490881566,0.9144891114898348
2,80,0,1.5,15,-0.3054967238974051,0.9533440692193694
2,80,0,1.5,20,-0.2712972009283319,0.9235761057731763
2,80,0,1.5,30,-0.26006119897407043,0.9670445425983999
2,80,0,1.5,40,-0.2681777750676739,0.9276800126112601
2,80,0,1.5,50,-0.26155780797992917,0.9696784196301871
2,80,0,3.0,15,-0.2883139933379901,0.9561011008949549
2,80,0,3.0,20,-0.26921856782188613,0.9937343485921415
2,80,0,3.0,30,-0.24892883404205288,0.938939623815439
2,80,0,3.0,40,-0.30194824554338023,0.953716320962393
2,80,0,3.0,50,-0.2472549294341389,0.9410932982005842
2,80,0,6.0,15,-0.28806800376386577,0.981062389671206
2,80,0,6.0,20,-0.2827281886784513,0.9645138731220964
2,80,0,6.0,30,-0.3422263148072378,0.9558883713007419
2,80,0,6.0,40,-0.39144751408294953,0.9199086792623342
2,80,0,6.0,50,-0.33653480115672607,0.952577885581815
2,80,0,9.0,15,-0.31923714699908523,0.9978315113666038
2,80,0,9.0,20,-0.36724121735945386,0.8894497549584602
2,80,0,9.0,30,-0.2881584389538199,0.9831851100841013
2,80,0,9.0,40,-0.34747753788087576,0.9589488995035863
2,80,0,9.0,50,-0.2857099054756885,0.9845863698245287
2,80,0,15.0,15,-0.32613207567488506,0.9965895669690162
2,80,0,15.0,20,-0.368010032979668,0.8895361466755641
2,80,0,15.0,30,-0.28776213309691373,0.9822243538562557
2,80,0,15.0,40,-0.35300742473676705,0.9597597613203466
2,80,0,15.0,50,-0.28878831710669545,0.9840106612362692
2,80,15,1.0,0,-0.26461112699724193,0.9304115848051958
2,80,15,1.5,15,-0.23558016611021998,0.9344542266653775
2,80,15,1.5,20,-0.25200253562180414,0.9641466559271636
2,80,15,1.5,30,-0.258418686337038,0.9717983272150711
2,80,15,1.5,40,-0.2870449480929168,0.946106086844473
2,80,15,1.5,50,-0.26449961450443593,0.9680480657979383
2,80,15,3.0,15,-0.2841900568673749,0.9812929590911117
2,80,15,3.0,20,-0.26346709423088654,0.9863810384456402
2,80,15,3.0,30,-0.3209620589449615,0.9423602030874362
2,80,15,3.0,40,-0.26358524706504355,0.9422741057301187
2,80,15,3.0,50,-0.3249565554200829,0.9412395610267595
2,80,15,6.0,15,-0.34904486253175204,0.977226222051284
2,80,15,6.0,20,-0.35915514640054863,0.9678294699583144
2,80,15,6.0,30,-0.30118870196469105,0.9808789825980515
2,80,15,6.0,40,-0.352290880160922,0.9643642763290199
2,80,15,6.0,50,-0.3067771016209733,0.9797017730920747
2,80,15,9.0,15,-0.3912125230639485,0.921428148460584
2,80,15,9.0,20,-0.29460834748800074,0.983884929626594
2,80,15,9.0,30,-0.3388220441825841,0.937723257234582
2,80,15,9.0,40,-0.49263108665108707,0.8826996923608593
2,80,15,9.0,50,-0.34217119689243225,0.9400137277144722
2,80,15,15.0,15,-0.3975701056740613,0.9190930366229686
2,80,15,15.0,20,-0.29473526457012206,0.9845276540464898
2,80,15,15.0,30,-0.3436950734433039,0.9370062565514615
2,80,15,15.0,40,-0.49567828190621005,0.8864956206040352
2,80,15,15.0,50,-0.3421650939868001,0.9397792999484057
2,80,30,1.0,0,-0.21818295918873887,0.885575828298341
2,80,30,1.5,15,-0.2992872615648007,0.8908931213306664
2,80,30,1.5,20,-0.2523532632678392,0.9776370799299298
2,80,30,1.5,30,-0.32046452913955514,0.9674709732969545
2,80,30,1.5,40,-0.3039685443982265,0.9297901986830083
2,80,30,1.5,50,-0.3178143079993059,0.9674870042580709
2,80,30,3.0,15,-0.25229815263866007,0.9260244193814631
2,80,30,3.0,20,-0.29364907360502923,0.9507857543645373
2,80,30,3.0,30,-0.323166788537547,0.9651742474616657
2,80,30,3.0,40,-0.266404521176832,0.975688749132533
2,80,30,3.0,50,-0.3237909258119827,0.9663450923793522
2,80,30,6.0,15,-0.361143126446774,0.9793328608236639
2,80,30,6.0,20,-0.30020985687905605,0.9921818765541698
2,80,30,6.0,30,-0.3155612697549213,0.9575010845902776
2,80,30,6.0,40,-0.413226737758455,0.8649183840664334
2,80,30,6.0,50,-0.315004881698028,0.9571667658409141
2,80,30,9.0,15,-0.38270131749657,0.8560112685027024
2,80,30,9.0,20,-0.37928111324293157,0.9468995280426542
2,80,30,9.0,30,-0.49189177170439574,0.902322713710873
2,80,30,9.0,40,-0.4558447156842643,0.9451863932362328
2,80,30,9.0,50,-0.49148464406875164,0.902371321220049
2,80,30,15.0,15,-0.3890602745536714,0.8519240699640289
2,80,30,15.0,20,-0.3846900251057585,0.9465445024431292
2,80,30,15.0,30,-0.4931435719873144,0.9037723080376107
2,80,30,15.0,40,-0.46262630089167195,0.9439952410301379
2,80,30,15.0,50,-0.49055182343224485,0.9095862548890385
2,80,45,1.0,0,-0.19996917703044712,0.9418541256293838
2,80,45,1.5,15,-0.27918346772455793,0.9593088995900213
2,80,45,1.5,20,-0.23179925422473863,0.9614334743806697
2,80,45,1.5,30,-0.2629611519224415,0.8809927714272744
2,80,45,1.5,40,-0.2883439400720681,0.9196638609932954
2,80,45,1.5,50,-0.26306440000219206,0.8859500356283306
2,80,45,3.0,15,-0.30132395150878555,0.9858873327854965
2,80,45,3.0,20,-0.26785210342739757,0.9761758416050837
2,80,45,3.0,30,-0.3012977722231011,0.9432313841061408
2,80,45,3.0,40,-0.2631189428473278,0.9745210436659782
2,80,45,3.0,50,-0.30504418551945617,0.9441638891046579
2,80,45,6.0,15,-0.2859160809252763,0.9226526198413953
2,80,45,6.0,20,-0.3412923745662863,0.9490277340276497
2,80,45,6.0,30,-0.32169906697180195,0.9060803561425073
2,80,45,6.0,40,-0.3915180543118895,0.9777093455465332
2,80,45,6.0,50,-0.3319635633414153,0.9211162348575554
2,80,45,9.0,15,-0.43670651876453265,0.8272426158390038
2,80,45,9.0,20,-0.34728390417220006,0.9736115695538282
2,80,45,9.0,30,-0.38896708300886873,0.8996730996042852
2,80,45,9.0,40,-0.37580782244576727,0.8951421841104046
2,80,45,9.0,50,-0.3933839647388732,0.894929746884937
2,80,45,15.0,15,-0.4433910059485295,0.8235740621717971
2,80,45,15.0,20,-0.35453321396724574,0.9787985040193272
2,80,45,15.0,30,-0.401450260541826,0.88433308978636
2,80,45,15.0,40,-0.380354942501116,0.8894409287615217
2,80,45,15.0,50,-0.3946443319195244,0.8964559637856836
2,90,0,1.0,0,-0.22511494367655974,0.9705011190030617
2,90,0,1.5,15,-0.23615152393550592,0.9341350456336656
2,90,0,1.5,20,-0.24138341274668987,0.9604959799787456
2,90,0,1.5,30,-0.3219292432036193,0.9402570112284434
2,90,0,1.5,40,-0.2359765782155354,0.864626525802076
2,90,0,1.5,50,-0.3222298490017171,0.9466601515730507
2,90,0,3.0,15,-0.2589410904133371,0.8894256379657963
2,90,0,3.0,20,-0.25347556321415166,0.9437381207648888
2,90,0,3.0,30,-0.2795562440174948,0.9365482780646753
2,90,0,3.0,40,-0.2524899579836172,0.9266693660332351
2,90,0,3.0,50,-0.27576694609107066,0.9333055178740611
2,90,0,6.0,15,-0.38674181626495374,0.9267594069509588
2,90,0,6.0,20,-0.2715133714713764,0.9148367237545224
2,90,0,6.0,30,-0.3016339209453822,0.923404543514297
2,90,0,6.0,40,-0.3272255908209933,0.9644806465151368
2,90,0,6.0,50,-0.30628468166889966,0.9161087850591334
2,90,0,9.0,15,-0.3715470339649657,0.9089826051567066
2,90,0,9.0,20,-0.44025051932700127,0.930947378473775
2,90,0,9.0,30,-0.32895499993165844,0.9201445779726415
2,90,0,9.0,40,-0.40062532032106624,0.9579315574884752
2,90,0,9.0,50,-0.3370793007365609,0.9255356116992641
2,90,0,15.0,15,-0.375570418032608,0.9071728984555713
2,90,0,15.0,20,-0.44681752920347373,0.9333771160641487
2,90,0,15.0,30,-0.3342965349050441,0.9189506977257238
2,90,0,15.0,40,-0.4074924761263845,0.9533319553961774
2,90,0,15.0,50,-0.33370758835432734,0.923293189058631
2,90,15,1.0,0,-0.21013167132843397,0.8838965917963716
2,90,15,1.5,15,-0.2507927870045567,0.8847581649936415
2,90,15,1.5,20,-0.2717551241327068,0.9267762020498642
2,90,15,1.5,30,-0.26550582752328955,0.9730625096828404
2,90,15,1.5,40,-0.2604235276361388,0.9161454666427512
2,90,15,1.5,50,-0.26598664623526697,0.97626048519424
2,90,15,3.0,15,-0.30900997210029296,0.896838529812184
2,90,15,3.0,20,-0.29817954026617866,0.9242056249101173
2,90,15,3.0,30,-0.31887391989575553,0.9014694864462717
2,90,15,3.0,40,-0.3367122328079827,0.949425218694758
2,90,15,3.0,50,-0.3230982023338704,0.891810481754481
2,90,15,6.0,15,-0.23411468263867785,0.9945987641362799
2,90,15,6.0,20,-0.33304251638044147,0.9491054123619549
2,90,15,6.0,30,-0.315478354683254,0.8997857403300471
2,90,15,6.0,40,-0.3618275920842302,0.9283577558905654
2,90,15,6.0,50,-0.31779895721646517,0.8973749770686668
2,90,15,9.0,15,-0.37669090361392776,0.9535694047870529
2,90,15,9.0,20,-0.31206552513166963,0.9640315158178396
2,90,15,9.0,30,-0.3525588053809957,0.9420817711665596
2,90,15,9.0,40,-0.38868088949553875,0.8755638283907441
2,90,15,9.0,50,-0.36289208543392293,0.942801463490024
2,90,15,15.0,15,-0.38453250484872264,0.9491896658770272
2,90,15,15.0,20,-0.31352402759626036,0.9635247730714284
2,90,15,15.0,30,-0.3561779960163954,0.9429731071737848
2,90,15,15.0,40,-0.39398168091798597,0.8750935967535844
2,90,15,15.0,50,-0.360030114163272,0.9468801129072285
2,90,30,1.0,0,-0.24117055021860154,0.9819298223779197
2,90,30,1.5,15,-0.3344337090517568,0.9262461122316916
2,90,30,1.5,20,-0.3136332101119975,0.9469244823098398
2,90,30,1.5,30,-0.2150169915734282,0.96564415391631
2,90,30,1.5,40,-0.2950902983056701,0.9053850413159712
2,90,30,1.5,50,-0.21811702017926846,0.9634085548273623
2,90,30,3.0,15,-0.3192114041877185,0.9555317339472218
2,90,30,3.0,20,-0.3084411386224767,0.9220945000070425
2,90,30,3.0,30,-0.3815896762252544,0.9316418856716433
2,90,30,3.0,40,-0.2678865219786643,0.9838747383222822
2,90,30,3.0,50,-0.38221033533859256,0.9342736782399662
2,90,30,6.0,15,-0.2794577032583317,0.9324869868711007
2,90,30,6.0,20,-0.2827736433790707,0.987010506310206
2,90,30,6.0,30,-0.40950171338614927,0.9021512079158951
2,90,30,6.0,40,-0.3643452430760707,0.8721510860796906
2,90,30,6.0,50,-0.4148235518994617,0.9055428449645682
2,90,30,9.0,15,-0.3634406725051813,0.9509580984947198
2,90,30,9.0,20,-0.4468048536434239,0.9357531205732108
2,90,30,9.0,30,-0.44932129490845835,0.876196003537627
2,90,30,9.0,40,-0.42458793008894086,0.937018393989335
2,90,30,9.0,50,-0.4559227859123347,0.876617007250681
2,90,30,15.0,15,-0.370356964629154,0.9469137540011927
2,90,30,15.0,20,-0.4536144265690855,0.929963199100093
2,90,30,15.0,30,-0.4524652316420489,0.8790479864110682
2,90,30,15.0,40,-0.4290036872537358,0.9387058255061811
2,90,30,15.0,50,-0.45872891665278837,0.8789639860237749
2,90,45,1.0,0,-0.23584674836002698,0.9796963064892348
2,90,45,1.5,15,-0.2573773931130492,0.9438975340708622
2,90,45,1.5,20,-0.3572772112944778,0.8762796675634469
2,90,45,1.5,30,-0.3098546485066554,0.9395496831578357
2,90,45,1.5,40,-0.2949364929555426,0.9349472429864127
2,90,45,1.5,50,-0.3104221305472708,0.9396629432578285
2,90,45,3.0,15,-0.35747769618905073,0.9658704234450941
2,90,45,3.0,20,-0.365388901462857,0.8899005823079398
2,90,45,3.0,30,-0.3713387414789861,0.7795069064932314
2,90,45,3.0,40,-0.35116596341891215,0.8726770138676788
2,90,45,3.0,50,-0.3684924027683289,0.7771725836089954
2,90,45,6.0,15,-0.3411859172227343,0.9453999724552964
2,90,45,6.0,20,-0.2974100667816228,0.8965852508241541
2,90,45,6.0,30,-0.3947284916971212,0.9602875417632912
2,90,45,6.0,40,-0.33547777286573854,0.9175279530858748
2,90,45,6.0,50,-0.38698937708385706,0.9655136682434695
2,90,45,9.0,15,-0.45176917022503926,0.9123141082165113
2,90,45,9.0,20,-0.37385353811358996,0.9839582031324505
2,90,45,9.0,30,-0.3901431840608709,0.8985196689219772
2,90,45,9.0,40,-0.41790000659932297,0.9371729876310334
2,90,45,9.0,50,-0.3972095115123475,0.8865957279024856
2,90,45,15.0,15,-0.4661840540339222,0.9078153934738101
2,90,45,15.0,20,-0.37873605017787415,0.9833732988779034
2,90,45,15.0,30,-0.3955312244835095,0.9041789388114346
2,90,45,15.0,40,-0.4231360569702851,0.944767119550039
2,90,45,15.0,50,-0.40629387069833134,0.8892710685513296
3,65,0,1.0,0,-0.1476753778822954,0.9570784250938267
3,65,0,1.5,15,-0.15122979746630272,0.9539781314141248
3,65,0,1.5,20,-0.16534515790347787,0.938560706141605
3,65,0,1.5,30,-0.1308470954021479,0.9256547445725319
3,65,0,1.5,40,-0.16615305062992647,0.9460577724949859
3,65,0,1.5,50,-0.12851572515532247,0.9205586056349981
3,65,0,3.0,15,-0.1888940910453019,0.910976168624702
3,65,0,3.0,20,-0.16799343208118026,0.9661111851619876
3,65,0,3.0,30,-0.23439240861343566,0.9140879647086708
3,65,0,3.0,40,-0.21071478229344306,0.9248028178763568
3,65,0,3.0,50,-0.23466990154402395,0.913697732114091
3,65,0,6.0,15,-0.18369419379494684,0.965641212746463
3,65,0,6.0,20,-0.15434453963953315,0.9387793799531251
3,65,0,6.0,30,-0.21715861400494785,0.8928941510161861
3,65,0,6.0,40,-0.20250397974048037,0.9505797415312865
3,65,0,6.0,50,-0.2166833060526076,0.8922808091146541
3,65,0,9.0,15,-0.19474213200217788,0.9606531422242406
3,65,0,9.0,20,-0.1936564498258562,0.9590626035412774
3,65,0,9.0,30,-0.21313003925120066,0.9722464018515192
3,65,0,9.0,40,-0.2135246373195297,0.9282510798301964
3,65,0,9.0,50,-0.21615924873892803,0.9702587298604634
3,65,0,15.0,15,-0.19838027995152976,0.9611540741310249
3,65,0,15.0,20,-0.1970828669251073,0.9636564550530041
3,65,0,15.0,30,-0.21188505287575987,0.9738385378335942
3,65,0,15.0,40,-0.2136032017695066,0.9249171250526755
3,65,0,15.0,50,-0.2134780291587898,0.9666065356167196
3,65,15,1.0,0,-0.1458672329356154,0.9019636474574387
3,65,15,1.5,15,-0.1275958131301313,0.9775693085829446
3,65,15,1.5,20,-0.14370707908119285,0.9775957830030237
3,65,15,1.5,30,-0.17394732567247567,0.9480790970603024
3,65,15,1.5,40,-0.15398572751736386,0.9410840936091435
3,65,15,1.5,50,-0.17267026563363855,0.9447167313716014
3,65,15,3.0,15,-0.1670036129570176,0.9199476942942891
3,65,15,3.0,20,-0.21179749057963337,0.950414178329405
3,65,15,3.0,30,-0.16093530901167283,0.922164499224773
3,65,15,3.0,40,-0.19977394650079525,0.9168813800698677
3,65,15,3.0,50,-0.16555615514340835,0.916339305500959
3,65,15,6.0,15,-0.1663970734201026,0.9546867148914377
3,65,15,6.0,20,-0.18468826722101395,0.9522979712276476
3,65,15,6.0,30,-0.20396077622841943,0.9420459478504173
3,65,15,6.0,40,-0.14771644808646558,0.863475178943516
3,65,15,6.0,50,-0.2036109417082916,0.9447482009695208
3,65,15,9.0,15,-0.21538812004263216,0.9180146965028441
3,65,15,9.0,20,-0.24173734972150634,0.9405812007880658
3,65,15,9.0,30,-0.2186172225674087,0.837286855846989
3,65,15,9.0,40,-0.22561519740291452,0.9709299220685365
3,65,15,9.0,50,-0.2148032872730851,0.8329711050895601
3,65,15,15.0,15,-0.21832225426300758,0.9147055430400604
3,65,15,15.0,20,-0.24645100351278093,0.93830883442365
3,65,15,15.0,30,-0.21874904719690605,0.8417501057055855
3,65,15,15.0,40,-0.22661156035569885,0.9641960098652065
3,65,15,15.0,50,-0.21938039488053782,0.8565885557169811
3,65,30,1.0,0,-0.14985817892574324,0.939086648172471
3,65,30,1.5,15,-0.1506690324806262,0.9337366978302977
3,65,30,1.5,20,-0.2003176105987562,0.8930863711502938
3,65,30,1.5,30,-0.20660522065912115,0.917897608204802
3,65,30,1.5,40,-0.17525184448299158,0.9698309846611517
3,65,30,1.5,50,-0.20636894015300883,0.9198890899108272
3,65,30,3.0,15,-0.17113095622653113,0.9535892508049151
3,65,30,3.0,20,-0.19806296642071197,0.9583388367603145
3,65,30,3.0,30,-0.17363067652177672,0.9360372842964385
3,65,30,3.0,40,-0.17196748200060374,0.9857684699186188
3,65,30,3.0,50,-0.17782502993459576,0.9468607203462381
3,65,30,6.0,15,-0.18124109523643608,0.9414321773289281
3,65,30,6.0,20,-0.23994193647935103,0.9337941647134052
3,65,30,6.0,30,-0.2234186483928472,0.960014329042821
3,65,30,6.0,40,-0.23776095766248198,0.8498181323020338
3,65,30,6.0,50,-0.22890096242023444,0.9630167458340052
3,65,30,9.0,15,-0.1913150065680357,0.8978552503981876
3,65,30,9.0,20,-0.22786552345143324,0.9524519146183645
3,65,30,9.0,30,-0.18999933002932376,0.9761167144687543
3,65,30,9.0,40,-0.2386136224371147,0.9357513864428045
3,65,30,9.0,50,-0.1939201744280855,0.9760121938564085
3,65,30,15.0,15,-0.1920995246391541,0.9037655431955232
3,65,30,15.0,20,-0.22777574301372056,0.9523473325564698
3,65,30,15.0,30,-0.1915841636165726,0.9825064398485848
3,65,30,15.0,40,-0.24078056890104896,0.9335288916630481
3,65,30,15.0,50,-0.19150835233761632,0.9759134119135473
3,65,45,1.0,0,-0.1404369399054959,0.9559805610480957
3,65,45,1.5,15,-0.1395917116020148,0.963444366404243
3,65,45,1.5,20,-0.16800978981803225,0.9494318459231927
3,65,45,1.5,30,-0.20259914914156643,0.9262256833350709
3,65,45,1.5,40,-0.18948304745152772,0.9805652580423608
3,65,45,1.5,50,-0.20790188284894423,0.92117175009319
3,65,45,3.0,15,-0.18702786599058552,0.905704251075722
3,65,45,3.0,20,-0.1878237144397482,0.9570597220557754
3,65,45,3.0,30,-0.21271862244280926,0.9139944678956344
3,65,45,3.0,40,-0.18757991833968207,0.9269371876411924
3,65,45,3.0,50,-0.21275794555241825,0.9022856924978975
3,65,45,6.0,15,-0.20850747515337492,0.9010330677840064
3,65,45,6.0,20,-0.24455687315080646,0.8505743050775765
3,65,45,6.0,30,-0.2737781289995764,0.8438682204425256
3,65,45,6.0,40,-0.19671878063253082,0.9882424920738899
3,65,45,6.0,50,-0.27312130600831336,0.8499812661827264
3,65,45,9.0,15,-0.2050654085475255,0.9421486198684234
3,65,45,9.0,20,-0.1769696191000672,0.957674770970139
3,65,45,9.0,30,-0.20794628904033488,0.8917040153900077
3,65,45,9.0,40,-0.23605557504367666,0.9800797264657061
3,65,45,9.0,50,-0.2080947435655871,0.8802682173766542
3,65,45,15.0,15,-0.20640025466806927,0.9450430106358493
3,65,45,15.0,20,-0.1782757475383837,0.9607454455320239
3,65,45,15.0,30,-0.21030885389730744,0.8895636719690544
3,65,45,15.0,40,-0.2377584264804533,0.9798363334245888
3,65,45,15.0,50,-0.2084386696040132,0.8879018370970369
3,70,0,1.0,0,-0.1697112726884935,0.9476729749322452
3,70,0,1.5,15,-0.206881142766981,0.8932694574084493
3,70,0,1.5,20,-0.19159533687069613,0.985547976483975
3,70,0,1.5,30,-0.19741295764969216,0.9111593692617045
3,70,0,1.5,40,-0.14624383447812955,0.9022344628363539
3,70,0,1.5,50,-0.19766586289423524,0.915488567969122
3,70,0,3.0,15,-0.20965455116180576,0.9459915323867224
3,70,0,3.0,20,-0.18524373002634614,0.9394042804235216
3,70,0,3.0,30,-0.19087462833687144,0.9732754770826345
3,70,0,3.0,40,-0.2482469888680697,0.9701931588884013
3,70,0,3.0,50,-0.19452888237045662,0.9723349778334466
3,70,0,6.0,15,-0.2098548646013431,0.9662866997012128
3,70,0,6.0,20,-0.23850253656310796,0.9854250304369252
3,70,0,6.0,30,-0.21468790836296162,0.9639549303708785
3,70,0,6.0,40,-0.20334070532680534,0.8816271068186741
3,70,0,6.0,50,-0.21202109145747813,0.9679348238814962
3,70,0,9.0,15,-0.258900913910688,0.9167852204398709
3,70,0,9.0,20,-0.23860901392010403,0.9469307334897431
3,70,0,9.0,30,-0.20591746546816794,0.9852994303247966
3,70,0,9.0,40,-0.25347475741999126,0.8971893386887546
3,70,0,9.0,50,-0.20734338036601177,0.986922012532228
3,70,0,15.0,15,-0.2609097422300681,0.9120579505784725
3,70,0,15.0,20,-0.24159987503500066,0.9454015632211851
3,70,0,15.0,30,-0.20723169540592531,0.9840488723872451
3,70,0,15.0,40,-0.2533487483984618,0.902857039026243
3,70,0,15.0,50,-0.20705856598470346,0.9817514067105814
3,70,15,1.0,0,-0.19214706242857774,0.8919348969018434
3,70,15,1.5,15,-0.1884684005322996,0.9762818559941514
3,70,15,1.5,20,-0.16023109286492465,0.9754702016177554
3,70,15,1.5,30,-0.20350833329351256,0.9376846629620738
3,70,15,1.5,40,-0.18055634600735174,0.9540188716948795
3,70,15,1.5,50,-0.2049328677754429,0.9460162758022969
3,70,15,3.0,15,-0.21462697295449162,0.9983212126709081
3,70,15,3.0,20,-0.22164685772485618,0.9775615339926185
3,70,15,3.0,30,-0.223192007027968,0.96217648943064
3,70,15,3.0,40,-0.18189365569211333,0.8880936965002726
3,70,15,3.0,50,-0.22246636689941773,0.9635652437146234
3,70,15,6.0,15,-0.22100431524673253,0.9500793482720077
3,70,15,6.0,20,-0.2371889200768433,0.897269653468329
3,70,15,6.0,30,-0.24001670050677837,0.9471812749139903
3,70,15,6.0,40,-0.2488136566204142,0.907640287054127
3,70,15,6.0,50,-0.242698402525622,0.9450264341997782
3,70,15,9.0,15,-0.18388409648187537,0.9124147098010613
3,70,15,9.0,20,-0.21886606387596405,0.9163179281096407
3,70,15,9.0,30,-0.2091713517933982,0.9678165618577117
3,70,15,9.0,40,-0.18965111451336647,0.944694564169368
3,70,15,9.0,50,-0.20978707227182652,0.9714760828047757
3,70,15,15.0,15,-0.18705066978019066,0.9110087131490504
3,70,15,15.0,20,-0.22105614068756774,0.9122813254339038
3,70,15,15.0,30,-0.211673212289881,0.9624146389321077
3,70,15,15.0,40,-0.19204693624483024,0.944614062501057
3,70,15,15.0,50,-0.2102298167547582,0.9629342322937882
3,70,30,1.0,0,-0.18516756903376852,0.9681282754770066
3,70,30,1.5,15,-0.15137506196836753,0.8971893994503936
3,70,30,1.5,20,-0.1957168108540138,0.9773567554991405
3,70,30,1.5,30,-0.16415068477404698,0.9392420197180508
3,70,30,1.5,40,-0.16849652591790232,0.9361177297980834
3,70,30,1.5,50,-0.16610115043690057,0.9469936354720474
3,70,30,3.0,15,-0.20272970788399378,0.9081503218918074
3,70,30,3.0,20,-0.19158051722135305,0.967616401899928
3,70,30,3.0,30,-0.21394675476461136,0.8857511357555427
3,70,30,3.0,40,-0.16879175363563018,0.9679195221257801
3,70,30,3.0,50,-0.21466740120574843,0.8921150151948494
3,70,30,6.0,15,-0.21542098296793455,0.907626761887143
3,70,30,6.0,20,-0.26435841020099127,0.9186362381249603
3,70,30,6.0,30,-0.21501321013739136,0.9150506477559083
3,70,30,6.0,40,-0.27276633009050527,0.8094141577955012
3,70,30,6.0,50,-0.21463333381839686,0.8942955420684898
3,70,30,9.0,15,-0.16726479755524926,0.976216896090985
3,70,30,9.0,20,-0.2757010651650045,0.9107588688818872
3,70,30,9.0,30,-0.23668449822835957,0.9663201074838121
3,70,30,9.0,40,-0.28653573662043386,0.9278853060795836
3,70,30,9.0,50,-0.23189450376936943,0.9703471090079908
3,70,30,15.0,15,-0.16848586164211507,0.9708859981254973
3,70,30,15.0,20,-0.28331080793678054,0.9119507731333087
3,70,30,15.0,30,-0.23645440237068246,0.9597774257872447
3,70,30,15.0,40,-0.2895288002225471,0.9248816223184073
3,70,30,15.0,50,-0.2398566895126324,0.9658148946420513
3,70,45,1.0,0,-0.13874968676288968,0.9915557749681881
3,70,45,1.5,15,-0.18495492763008906,0.9702243551209956
3,70,45,1.5,20,-0.19040071590678453,0.9670620842330507
3,70,45,1.5,30,-0.22096317782588862,0.9002322143411007
3,70,45,1.5,40,-0.213747163651439,0.9059539933893751
3,70,45,1.5,50,-0.22369953389967767,0.8930402044948739
3,70,45,3.0,15,-0.21022839885870537,0.9547124000762802
3,70,45,3.0,20,-0.17671056823917647,0.9336560916884855
3,70,45,3.0,30,-0.2256103138396899,0.9340579323931899
3,70,45,3.0,40,-0.2668602334465033,0.9622793891393162
3,70,45,3.0,50,-0.2296245134247619,0.9393951853285641
3,70,45,6.0,15,-0.22749805319241526,0.9381781606014205
3,70,45,6.0,20,-0.24015716120248234,0.9162203028373066
3,70,45,6.0,30,-0.21278489602093137,0.9801136180331435
3,70,45,6.0,40,-0.2794473585742135,0.9135895387898922
3,70,45,6.0,50,-0.2120527825092471,0.9886916319912977
3,70,45,9.0,15,-0.25460214510280627,0.9304342348328236
3,70,45,9.0,20,-0.2943451384601542,0.9255946718303594
3,70,45,9.0,30,-0.1985113890324359,0.950614320371942
3,70,45,9.0,40,-0.22250064965540597,0.9950609232079993
3,70,45,9.0,50,-0.2001775875694005,0.9425821990679422
3,70,45,15.0,15,-0.2569728472437138,0.9323691907620787
3,70,45,15.0,20,-0.3005295013887214,0.9187314479469859
3,70,45,15.0,30,-0.2004646234250899,0.949481021961829
3,70,45,15.0,40,-0.22470828989759142,0.9948601326223422
3,70,45,15.0,50,-0.19985618297371785,0.950519969941359
3,80,0,1.0,0,-0.1952235248293431,0.9188897554816307
3,80,0,1.5,15,-0.23063551609784183,0.9473534253675128
3,80,0,1.5,20,-0.21248700337267104,0.9217103608961325
3,80,0,1.5,30,-0.24960931963404953,0.9496534209347643
3,80,0,1.5,40,-0.22227932143144602,0.8941451350312335
3,80,0,1.5,50,-0.2514379227030866,0.9548665069119121
3,80,0,3.0,15,-0.273720391282241,0.9340670079701567
3,80,0,3.0,20,-0.2011237189681341,0.9677045761738982
3,80,0,3.0,30,-0.23174568036852689,0.9863727429663044
3,80,0,3.0,40,-0.29148088392464505,0.9181180453542478
3,80,0,3.0,50,-0.23425561864473043,0.9822241213498824
3,80,0,6.0,15,-0.24935018242507268,0.8906459429788326
3,80,0,6.0,20,-0.2784833692170126,0.888807769502778
3,80,0,6.0,30,-0.29835825279479666,0.8367186827556646
3,80,0,6.0,40,-0.29703880584699605,0.9196207969404586
3,80,0,6.0,50,-0.29801559499797786,0.8320355673567487
3,80,0,9.0,15,-0.2521241107986768,0.9420638580529433
3,80,0,9.0,20,-0.2621060991293087,0.9678677673362986
3,80,0,9.0,30,-0.2891926475932967,0.9249194124913601
3,80,0,9.0,40,-0.23606243961621037,0.9672796740080452
3,80,0,9.0,50,-0.2905787003326172,0.9280182899658684
3,80,0,15.0,15,-0.2548930085666931,0.9375572778562941
3,80,0,15.0,20,-0.265500049520933,0.9682753313746265
3,80,0,15.0,30,-0.29236604795981413,0.9191542641132507
3,80,0,15.0,40,-0.23929802926161153,0.9662490294602533
3,80,0,15.0,50,-0.2953917003302603,0.9247120092638575
3,80,15,1.0,0,-0.23300712138216165,0.92672887256887
3,80,15,1.5,15,-0.23583182913008582,0.9363387889459042
3,80,15,1.5,20,-0.23625153422327574,0.9844012676167524
3,80,15,1.5,30,-0.1769448564388214,0.989690317947683
3,80,15,1.5,40,-0.3157995211624027,0.8097646911953327
3,80,15,1.5,50,-0.17326551581148572,0.9872412859178675
3,80,15,3.0,15,-0.23060757866023637,0.9154497491883118
3,80,15,3.0,20,-0.23648470120828408,0.9471295770312648
3,80,15,3.0,30,-0.209604732232468,0.96433556200188
3,80,15,3.0,40,-0.21963114267252215,0.9209293140775953
3,80,15,3.0,50,-0.20880872603552816,0.964146588589995
3,80,15,6.0,15,-0.2478511429427117,0.9851681815487768
3,80,15,6.0,20,-0.23936083567264646,0.9871264761275087
3,80,15,6.0,30,-0.3220586273834969,0.9552577330039523
3,80,15,6.0,40,-0.3340974131848441,0.9635426324175936
3,80,15,6.0,50,-0.3290628764628332,0.9584718222588056
3,80,15,9.0,15,-0.2937419865502614,0.8996395395367484
3,80,15,9.0,20,-0.3143048805308214,0.9081251035655327
3,80,15,9.0,30,-0.2839744782990569,0.8685249882845105
3,80,15,9.0,40,-0.25374092226386324,0.9810680489607795
3,80,15,9.0,50,-0.28201639171519177,0.8697820003360935
3,80,15,15.0,15,-0.29870831689360977,0.897174342659576
3,80,15,15.0,20,-0.31955635205989674,0.9171652319809566
3,80,15,15.0,30,-0.29220160094234066,0.8648194543751707
3,80,15,15.0,40,-0.26054267710076595,0.9786566558160313
3,80,15,15.0,50,-0.2896359826589852,0.8585770521345648
3,80,30,1.0,0,-0.18718281959108968,0.9612479301249871
3,80,30,1.5,15,-0.1953417489818106,0.9707100092318083
3,80,30,1.5,20,-0.21229015001624638,0.9683491165164531
3,80,30,1.5,30,-0.2392325018946863,0.9865896687845518
3,80,30,1.5,40,-0.27266440084852306,0.9360198266390829
3,80,30,1.5,50,-0.23895362470200843,0.9875980109435425
3,80,30,3.0,15,-0.20042013375968937,0.9359713429024249
3,80,30,3.0,20,-0.2730005228351012,0.9494062548827114
3,80,30,3.0,30,-0.27812351069004276,0.9442615643275128
3,80,30,3.0,40,-0.3031832927699673,0.8435956063153675
3,80,30,3.0,50,-0.2818721414322114,0.939135075335523
3,80,30,6.0,15,-0.3140748592260165,0.9274285642959625
3,80,30,6.0,20,-0.25524344984439507,0.9222509817342822
3,80,30,6.0,30,-0.3694411440945794,0.8638027998360555
3,80,30,6.0,40,-0.2979903505008008,0.895585412399505
3,80,30,6.0,50,-0.3729367929434957,0.867005825051911
3,80,30,9.0,15,-0.30294129075121085,0.9272128899095162
3,80,30,9.0,20,-0.3283057243825705,0.9084441514781876
3,80,30,9.0,30,-0.28283709340525953,0.9686317475457616
3,80,30,9.0,40,-0.31588153068325897,0.9914126614298479
3,80,30,9.0,50,-0.2771974473950581,0.976805056999501
3,80,30,15.0,15,-0.30960138023985695,0.9239001656059066
3,80,30,15.0,20,-0.33153825898440115,0.9067030803626152
3,80,30,15.0,30,-0.28963006500634414,0.9705753024822672
3,80,30,15.0,40,-0.3191921696487142,0.9906294918651662
3,80,30,15.0,50,-0.2741694368782818,0.9727942259025887
3,80,45,1.0,0,-0.230513013581353,0.8901689428278112
3,80,45,1.5,15,-0.1983045574450796,0.9864397035546356
3,80,45,1.5,20,-0.22937453106104624,0.9380283708744808
3,80,45,1.5,30,-0.23301060135835527,0.9439143567920483
3,80,45,1.5,40,-0.26860546252406264,0.914902365103898
3,80,45,1.5,50,-0.2386486302639681,0.9463906860234326
3,80,45,3.0,15,-0.25486755801855343,0.8877614804989199
3,80,45,3.0,20,-0.2715788992177657,0.9322502454385604
3,80,45,3.0,30,-0.2759371795883666,0.9738048627113602
3,80,45,3.0,40,-0.27173266382328054,0.9589804255796673
3,80,45,3.0,50,-0.2769021180332824,0.9721870921254663
3,80,45,6.0,15,-0.3296767164852175,0.8717910873507723
3,80,45,6.0,20,-0.31393610455579557,0.979427887140389
3,80,45,6.0,30,-0.3290191975706623,0.8640844276083555
3,80,45,6.0,40,-0.3264937867992011,0.9654958739587844
3,80,45,6.0,50,-0.32852004958851716,0.8615733508699827
3,80,45,9.0,15,-0.3104034681940383,0.8738312510061487
3,80,45,9.0,20,-0.3252213532405345,0.9424557893106424
3,80,45,9.0,30,-0.4335586269403061,0.9166660372504934
3,80,45,9.0,40,-0.41534182217299714,0.9545006115417123
3,80,45,9.0,50,-0.4496093029549253,0.9188512821455878
3,80,45,15.0,15,-0.31695843739961005,0.882950848717317
3,80,45,15.0,20,-0.3296618761308425,0.9448077925227573
3,80,45,15.0,30,-0.4464646957750205,0.9217721262986237
3,80,45,15.0,40,-0.4259141792111593,0.9470401877829625
3,80,45,15.0,50,-0.4447729581114199,0.9258539167526717
3,90,0,1.0,0,-0.2179129598348931,0.872970132794163
3,90,0,1.5,15,-0.25604216587152395,0.9284654584794396
3,90,0,1.5,20,-0.23884249301964827,0.9227294002728723
3,90,0,1.5,30,-0.2599058440954447,0.9412897213186745
3,90,0,1.5,40,-0.30119810518054174,0.9008626999527992
3,90,0,1.5,50,-0.2640524080143596,0.949400735523938
3,90,0,3.0,15,-0.28908080458181534,0.9199422144865234
3,90,0,3.0,20,-0.21776922507144042,0.9645079996170879
3,90,0,3.0,30,-0.25484399628483134,0.994450062309649
3,90,0,3.0,40,-0.25818647110952275,0.9865619216513994
3,90,0,3.0,50,-0.2523590854156401,0.9957861557448702
3,90,0,6.0,15,-0.2627148449843103,0.9315972373591687
3,90,0,6.0,20,-0.3280746542932268,0.865525283331975
3,90,0,6.0,30,-0.3467889316944042,0.9299888217921689
3,90,0,6.0,40,-0.2912083942168849,0.9005837769017834
3,90,0,6.0,50,-0.3483402422869967,0.9236633902612547
3,90,0,9.0,15,-0.30770960129573066,0.9749515027308147
3,90,0,9.0,20,-0.3116382313290534,0.9514157136915562
3,90,0,9.0,30,-0.27109112202167396,0.8865179738042167
3,90,0,9.0,40,-0.38163139622163694,0.8397247830542781
3,90,0,9.0,50,-0.2714483465752771,0.8788554076453532
3,90,0,15.0,15,-0.31155313979223437,0.9698626428890694
3,90,0,15.0,20,-0.3153974854426207,0.9511483277035252
3,90,0,15.0,30,-0.27734855802140734,0.8783474748792942
3,90,0,15.0,40,-0.3894521906939169,0.8385088770446448
3,90,0,15.0,50,-0.2733109642325765,0.8883070731879373
3,90,15,1.0,0,-0.18982062334273875,0.9098446445246103
3,90,15,1.5,15,-0.2558837018202937,0.9397976046139573
3,90,15,1.5,20,-0.2921782998284387,0.9505610722498974
3,90,15,1.5,30,-0.24133310748988,0.9612430784173116
3,90,15,1.5,40,-0.19078035055580034,0.9543605461179197
3,90,15,1.5,50,-0.2427299384962299,0.95997165960969
3,90,15,3.0,15,-0.27683070677293525,0.9492529930384807
3,90,15,3.0,20,-0.1820118448710847,0.9116676491902919
3,90,15,3.0,30,-0.3189786031681919,0.9116353650758277
3,90,15,3.0,40,-0.25647042134233283,0.9823719913675957
3,90,15,3.0,50,-0.32046031083287885,0.908279218006736
3,90,15,6.0,15,-0.2869145374310022,0.9131430660304728
3,90,15,6.0,20,-0.2869215941109998,0.9295114940290247
3,90,15,6.0,30,-0.31532419386507077,0.9579074343580617
3,90,15,6.0,40,-0.32011990866252465,0.9430761194875533
3,90,15,6.0,50,-0.3155317742360252,0.9559164668169571
3,90,15,9.0,15,-0.3663403364012921,0.9237163470735472
3,90,15,9.0,20,-0.3105241892876745,0.9607469509411296
3,90,15,9.0,30,-0.3238791554815489,0.9289793319214676
3,90,15,9.0,40,-0.3529201696413261,0.8928728988048358
3,90,15,9.0,50,-0.3228172332396557,0.917129129192585
3,90,15,15.0,15,-0.37386355350780265,0.9180980788419689
3,90,15,15.0,20,-0.3145536444299553,0.9612871608697029
3,90,15,15.0,30,-0.3258971064847682,0.9331726687644005
3,90,15,15.0,40,-0.3494451777156796,0.8977693085770322
3,90,15,15.0,50,-0.33176666925415343,0.925858887284432
3,90,30,1.0,0,-0.2495678786701526,0.9304715527414694
3,90,30,1.5,15,-0.21745622763360056,0.9589763987871797
3,90,30,1.5,20,-0.25722820336088115,0.9858090089086321
3,90,30,1.5,30,-0.2018866403934609,0.9475025627988436
3,90,30,1.5,40,-0.22577841435733664,0.9796505478105347
3,90,30,1.5,50,-0.2057155036406125,0.9428169478775311
3,90,30,3.0,15,-0.30010412967925326,0.9563157614295333
3,90,30,3.0,20,-0.2414418384804811,0.9148598524318187
3,90,30,3.0,30,-0.25443872760866365,0.9370287270895176
3,90,30,3.0,40,-0.252278694841997,0.9779824254775166
3,90,30,3.0,50,-0.2527499192701087,0.933931510685282
3,90,30,6.0,15,-0.22763002026255166,0.974773233674086
3,90,30,6.0,20,-0.3032916784803278,0.9625154178454435
3,90,30,6.0,30,-0.292707041242576,0.8925012485711284
3,90,30,6.0,40,-0.41973358547420536,0.8916080216342069
3,90,30,6.0,50,-0.292696426093744,0.8818670560874768
3,90,30,9.0,15,-0.375124232139298,0.9252714567267409
3,90,30,9.0,20,-0.3474294021837237,0.9355501886229187
3,90,30,9.0,30,-0.3293085034176446,0.963285617890673
3,90,30,9.0,40,-0.2866606352675603,0.9758023727629577
3,90,30,9.0,50,-0.33226637747621923,0.9647601213261584
3,90,30,15.0,15,-0.3740543116611291,0.9220213420180917
3,90,30,15.0,20,-0.35431123840815926,0.9334052815995861
3,90,30,15.0,30,-0.33642966362650667,0.9641641896309321
3,90,30,15.0,40,-0.29158678434304647,0.9715881775423221
3,90,30,15.0,50,-0.3365847542828137,0.9613641336255937
3,90,45,1.0,0,-0.20951136055465414,0.9861944444766
3,90,45,1.5,15,-0.272277287840044,0.8816143674119028
3,90,45,1.5,20,-0.2576816545355433,0.9413245663621498
3,90,45,1.5,30,-0.2815960735204833,0.8869699568066707
3,90,45,1.5,40,-0.23642678232623696,0.944526774834505
3,90,45,1.5,50,-0.28416789251188895,0.8964970256982009
3,90,45,3.0,15,-0.2733584894916809,0.928227770247453
3,90,45,3.0,20,-0.34423262832705853,0.9450399062325171
3,90,45,3.0,30,-0.24139726980963225,0.9595228842235699
3,90,45,3.0,40,-0.2943253647409006,0.924393000402904
3,90,45,3.0,50,-0.2408860122369896,0.9547031956664339
3,90,45,6.0,15,-0.22598589026312607,0.9620043024292058
3,90,45,6.0,20,-0.31630969159464667,0.9544642187422337
3,90,45,6.0,30,-0.3313250435629338,0.9530112557839718
3,90,45,6.0,40,-0.43372434771541335,0.8772833828432792
3,90,45,6.0,50,-0.33334064395137764,0.9476468328274966
3,90,45,9.0,15,-0.28912137066899946,0.8168803546698185
3,90,45,9.0,20,-0.3795510407748444,0.8507439033913327
3,90,45,9.0,30,-0.40148685984857774,0.9488979457702668
3,90,45,9.0,40,-0.3948814094404762,0.9179030770672171
3,90,45,9.0,50,-0.4062752606234685,0.94368398153062
3,90,45,15.0,15,-0.2970700117664726,0.8132509621877558
3,90,45,15.0,20,-0.37649552980263384,0.8467422352875593
3,90,45,15.0,30,-0.40804105745549235,0.953481509993403
3,90,45,15.0,40,-0.41175454613043133,0.900807490334224
3,90,45,15.0,50,-0.4061380439260269,0.9485144628989275
4,65,0,1.0,0,-0.12843161624226235,0.9843036564195989
4,65,0,1.5,15,-0.144707960927043,0.9692548533031017
4,65,0,1.5,20,-0.17516030091708767,0.9392762267310379
4,65,0,1.5,30,-0.15732910128467464,0.9707796049034643
4,65,0,1.5,40,-0.13563729502377453,0.9829191197125697
4,65,0,1.5,50,-0.15678882315290224,0.9678437224762312
4,65,0,3.0,15,-0.1289445394450271,0.983937739108353
4,65,0,3.0,20,-0.16232733237671096,0.9781741340732152
4,65,0,3.0,30,-0.14848031915962495,0.9827586563789976
4,65,0,3.0,40,-0.16364357692110618,0.8969806863083205
4,65,0,3.0,50,-0.14828304231761671,0.9798288765950486
4,65,0,6.0,15,-0.1672592461039521,0.9959572784790383
4,65,0,6.0,20,-0.16821314727051373,0.9537718031101317
4,65,0,6.0,30,-0.15171857788567042,0.937120086082102
4,65,0,6.0,40,-0.17727811109014005,0.9763258603465551
4,65,0,6.0,50,-0.1531855449401457,0.9278003439461945
4,65,0,9.0,15,-0.15888344344969407,0.9632862315811872
4,65,0,9.0,20,-0.17888779803037175,0.9818537160632835
4,65,0,9.0,30,-0.14839396459123694,0.9926423601624258
4,65,0,9.0,40,-0.16165764056648943,0.984455964770471
4,65,0,9.0,50,-0.15084392853595074,0.9944123119235042
4,65,0,15.0,15,-0.15958404519690708,0.9656296255232203
4,65,0,15.0,20,-0.18019747577709486,0.9797649331032839
4,65,0,15.0,30,-0.14974553540807115,0.9934937568653164
4,65,0,15.0,40,-0.16287469122989534,0.9853223150755964
4,65,0,15.0,50,-0.15004294571273097,0.9912511366518909
4,65,15,1.0,0,-0.14763293760419433,0.9420250617589943
4,65,15,1.5,15,-0.15523217859377555,0.9765281245299307
4,65,15,1.5,20,-0.13708414662879828,0.9855646525773935
4,65,15,1.5,30,-0.14765485463010355,0.9690401516574237
4,65,15,1.5,40,-0.14554720674963018,0.9767087007199174
4,65,15,1.5,50,-0.15103330260347134,0.9731629591306153
4,65,15,3.0,15,-0.17345473936533182,0.9347428338662789
4,65,15,3.0,20,-0.15973844840724238,0.9855527915817456
4,65,15,3.0,30,-0.17298995593610114,0.9281888849343575
4,65,15,3.0,40,-0.1507895924572986,0.9368046305464414
4,65,15,3.0,50,-0.17205649774074241,0.9230293994826806
4,65,15,6.0,15,-0.14357119315410455,0.956322624199086
4,65,15,6.0,20,-0.17451233203230912,0.8460136682266122
4,65,15,6.0,30,-0.19572169161885428,0.9469720706378307
4,65,15,6.0,40,-0.1519713818454337,0.9868655611711817
4,65,15,6.0,50,-0.19819365993775523,0.9451780843943011
4,65,15,9.0,15,-0.17834289701725836,0.8226284146109789
4,65,15,9.0,20,-0.18565062607572472,0.8922937173709139
4,65,15,9.0,30,-0.18037441993472939,0.9742530448820489
4,65,15,9.0,40,-0.1597554832650259,0.9976577488408382
4,65,15,9.0,50,-0.18202801049333306,0.9744920091173254
4,65,15,15.0,15,-0.18028065954677688,0.8308045390887318
4,65,15,15.0,20,-0.1908343965192418,0.8999623443973414
4,65,15,15.0,30,-0.18218543331792938,0.978050490849127
4,65,15,15.0,40,-0.15861027760721721,0.9964491382434796
4,65,15,15.0,50,-0.18599188382852214,0.982362899662746
4,65,30,1.0,0,-0.14752941824847315,0.9979028433885535
4,65,30,1.5,15,-0.1669899447070385,0.9821042079358022
4,65,30,1.5,20,-0.16584671439243034,0.934979051458617
4,65,30,1.5,30,-0.15236139321767486,0.9897336346526927
4,65,30,1.5,40,-0.17822311937445642,0.9530883782554107
4,65,30,1.5,50,-0.1504905044083586,0.9844400302723048
4,65,30,3.0,15,-0.13682294626323258,0.9817259262437409
4,65,30,3.0,20,-0.17548844862362348,0.9003130860981823
4,65,30,3.0,30,-0.17393499641743435,0.9353475269661606
4,65,30,3.0,40,-0.19201355275112994,0.948158732289323
4,65,30,3.0,50,-0.1700959631527812,0.932190182316939
4,65,30,6.0,15,-0.15547515843499668,0.9333964370007578
4,65,30,6.0,20,-0.16996240473302732,0.9310509193737558
4,65,30,6.0,30,-0.15373092942884628,0.9499661446177938
4,65,30,6.0,40,-0.17849088623549322,0.9684702660706694
4,65,30,6.0,50,-0.15582872972520143,0.9445165541343321
4,65,30,9.0,15,-0.14775545905386114,0.9956839001308546
4,65,30,9.0,20,-0.19418043050189263,0.9404536747262044
4,65,30,9.0,30,-0.17577248127640274,0.9794999453108445
4,65,30,9.0,40,-0.17785147822108766,0.9497075080736684
4,65,30,9.0,50,-0.1755464674965257,0.9821759231020075
4,65,30,15.0,15,-0.151226878321158,0.9937287945343739
4,65,30,15.0,20,-0.1963663468999671,0.9414080969876707
4,65,30,15.0,30,-0.1781048352548549,0.9864993865985505
4,65,30,15.0,40,-0.18014675227743568,0.9449614057788743
4,65,30,15.0,50,-0.17780923770629964,0.9884829243557222
4,65,45,1.0,0,-0.13073516156243126,0.9158206382282916
4,65,45,1.5,15,-0.1623176806092107,0.9316030577119815
4,65,45,1.5,20,-0.1428237067031049,0.9828043846456883
4,65,45,1.5,30,-0.14446650753738563,0.9729312802644896
4,65,45,1.5,40,-0.14344174321966555,0.8954231579238595
4,65,45,1.5,50,-0.15056674624651334,0.9763090149954788
4,65,45,3.0,15,-0.16386592332477687,0.9379914648061561
4,65,45,3.0,20,-0.19761393839107044,0.9515562033928091
4,65,45,3.0,30,-0.168812951921409,0.9284281284586735
4,65,45,3.0,40,-0.19221490772585728,0.9333331938116467
4,65,45,3.0,50,-0.17085365043739803,0.9327950225888223
4,65,45,6.0,15,-0.1815921651225409,0.9753362221596942
4,65,45,6.0,20,-0.19450129425682772,0.9350022799215836
4,65,45,6.0,30,-0.1864826299984287,0.9423135589262073
4,65,45,6.0,40,-0.15120087728485723,0.9507613591108527
4,65,45,6.0,50,-0.1868521289331573,0.9410273380459072
4,65,45,9.0,15,-0.19383623753628812,0.9196932601391432
4,65,45,9.0,20,-0.1860255224964478,0.9926401086101964
4,65,45,9.0,30,-0.21757772802659636,0.9481933028437304
4,65,45,9.0,40,-0.19723420032805652,0.9728562729700183
4,65,45,9.0,50,-0.2156528033800671,0.9534203975879469
4,65,45,15.0,15,-0.19955905808232924,0.9186678231074503
4,65,45,15.0,20,-0.18840228135344955,0.9922838268865294
4,65,45,15.0,30,-0.22183139200183255,0.9514834972229033
4,65,45,15.0,40,-0.20091131015432256,0.9709866376014615
4,65,45,15.0,50,-0.2205269576479058,0.9542248247145578
4,70,0,1.0,0,-0.16703581914660787,0.8907529149060042
4,70,0,1.5,15,-0.18785640782321428,0.9612265704982594
4,70,0,1.5,20,-0.18560760765449524,0.9414425088958256
4,70,0,1.5,30,-0.1915651681154593,0.9208994348420405
4,70,0,1.5,40,-0.1704685914056846,0.9435156198965456
4,70,0,1.5,50,-0.1920680788341719,0.9177259245551658
4,70,0,3.0,15,-0.1731395738904206,0.9168224558230575
4,70,0,3.0,20,-0.1946523203215713,0.9804761399855348
4,70,0,3.0,30,-0.17502355886846682,0.9566714481342564
4,70,0,3.0,40,-0.18842891284414404,0.9863892041494968
4,70,0,3.0,50,-0.176891199985308,0.961391667564744
4,70,0,6.0,15,-0.15912088523380447,0.9515036057493607
4,70,0,6.0,20,-0.20672056164196884,0.9669778840852474
4,70,0,6.0,30,-0.21669422139533728,0.9756797463341983
4,70,0,6.0,40,-0.2166201901535561,0.9386511826162741
4,70,0,6.0,50,-0.21707024618482063,0.9754520126545371
4,70,0,9.0,15,-0.17833441620854848,0.9385590024704309
4,70,0,9.0,20,-0.20782696097721776,0.9211430101784298
4,70,0,9.0,30,-0.2319820745926059,0.9278691070302418
4,70,0,9.0,40,-0.1940123353256792,0.9915457297530127
4,70,0,9.0,50,-0.2333501744147424,0.926435636884186
4,70,0,15.0,15,-0.179224116903193,0.9424877262276193
4,70,0,15.0,20,-0.21146275214119034,0.919949239670646
4,70,0,15.0,30,-0.2329994704202076,0.9206477135879145
4,70,0,15.0,40,-0.19643905952554175,0.9930257780371714
4,70,0,15.0,50,-0.23495026091750512,0.9137477331964702
4,70,15,1.0,0,-0.17222865718556835,0.9244217472264985
4,70,15,1.5,15,-0.19756630931311084,0.9480641933800037
4,70,15,1.5,20,-0.1869537943943581,0.8922253008632502
4,70,15,1.5,30,-0.16911833113365868,0.9551159016498807
4,70,15,1.5,40,-0.2150982515297731,0.9682307171160971
4,70,15,1.5,50,-0.17121945648452286,0.9586318724960451
4,70,15,3.0,15,-0.19971916719388413,0.9737082673237584
4,70,15,3.0,20,-0.20763452730242832,0.9458865161827299
4,70,15,3.0,30,-0.1929252396298084,0.9901419302938487
4,70,15,3.0,40,-0.20139720298445488,0.9598212260430706
4,70,15,3.0,50,-0.19219998769224148,0.9886169878258171
4,70,15,6.0,15,-0.22181619978571063,0.9623816807638503
4,70,15,6.0,20,-0.1887974673788597,0.9598522120685864
4,70,15,6.0,30,-0.23243517525267518,0.9322873076196132
4,70,15,6.0,40,-0.19733497679976517,0.925123026855769
4,70,15,6.0,50,-0.23254072265180387,0.9315428155425675
4,70,15,9.0,15,-0.17129285479269732,0.9895787654313113
4,70,15,9.0,20,-0.2501097532598241,0.954792483515294
4,70,15,9.0,30,-0.21487332506788134,0.9323534720107233
4,70,15,9.0,40,-0.21344543926110074,0.9627732162155554
4,70,15,9.0,50,-0.21727971610924063,0.9358280873629724
4,70,15,15.0,15,-0.17102794190747944,0.987174219156079
4,70,15,15.0,20,-0.2531039821856724,0.9604303327939163
4,70,15,15.0,30,-0.21860089709985345,0.9291488615985833
4,70,15,15.0,40,-0.21506241825539005,0.9639069760618723
4,70,15,15.0,50,-0.21947334860715292,0.9255010920731507
4,70,30,1.0,0,-0.1584873305872325,0.9836687050977357
4,70,30,1.5,15,-0.1809696337701019,0.9910899456581177
4,70,30,1.5,20,-0.16200029067625946,0.9744634911155432
4,70,30,1.5,30,-0.1381045518819511,0.965057036339593
4,70,30,1.5,40,-0.14835562328309493,0.9721578951645587
4,70,30,1.5,50,-0.13953174531908658,0.9667476392067572
4,70,30,3.0,15,-0.19886746390428245,0.9736938588227797
4,70,30,3.0,20,-0.19529868414563947,0.9671144965603082
4,70,30,3.0,30,-0.22361449067866684,0.9447509362101723
4,70,30,3.0,40,-0.21865389708642305,0.9596747888290061
4,70,30,3.0,50,-0.2272509985934295,0.9467245786559548
4,70,30,6.0,15,-0.2200345537841917,0.948828569777449
4,70,30,6.0,20,-0.21708936522830782,0.9478914359808479
4,70,30,6.0,30,-0.2357033297388378,0.9717292992211447
4,70,30,6.0,40,-0.23786092626922395,0.9401367297267857
4,70,30,6.0,50,-0.23662569879939618,0.9655853864324935
4,70,30,9.0,15,-0.20462353611334072,0.9703129759681317
4,70,30,9.0,20,-0.2374569275124148,0.9234489478050206
4,70,30,9.0,30,-0.23493293892764155,0.9869729470244971
4,70,30,9.0,40,-0.24024776256710087,0.9915276493109251
4,70,30,9.0,50,-0.2354828164695234,0.9877488133715251
4,70,30,15.0,15,-0.20041174237656018,0.9714118972485005
4,70,30,15.0,20,-0.2422394118880258,0.9179410285059305
4,70,30,15.0,30,-0.23827108547375295,0.9890046241552732
4,70,30,15.0,40,-0.24164935014691746,0.99251357993964
4,70,30,15.0,50,-0.2415054289478014,0.9863747125656755
4,70,45,1.0,0,-0.1976497182169927,0.9489994034029934
4,70,45,1.5,15,-0.16753680616687106,0.9724119435575339
4,70,45,1.5,20,-0.19575073656961856,0.9488480386245964
4,70,45,1.5,30,-0.1736797304164169,0.9897841096070203
4,70,45,1.5,40,-0.19902022525793234,0.9912430674904529
4,70,45,1.5,50,-0.17512960135132424,0.9864777819739301
4,70,45,3.0,15,-0.26009218590463956,0.8596620255325624
4,70,45,3.0,20,-0.2043019516567749,0.9838221183474807
4,70,45,3.0,30,-0.18417345338643337,0.9929235230723874
4,70,45,3.0,40,-0.2177202253445344,0.9397804596803362
4,70,45,3.0,50,-0.18719446279198312,0.993319768725318
4,70,45,6.0,15,-0.2244673665483296,0.992936642454137
4,70,45,6.0,20,-0.2094758992197546,0.9619395819432025
4,70,45,6.0,30,-0.1933291611240328,0.9219918820322025
4,70,45,6.0,40,-0.23011688251773305,0.9679675293612909
4,70,45,6.0,50,-0.19616457294185516,0.9213617400861858
4,70,45,9.0,15,-0.25164215410173635,0.9314076876780416
4,70,45,9.0,20,-0.21113552462884225,0.9900299418488473
4,70,45,9.0,30,-0.2559848747379665,0.95972368585042
4,70,45,9.0,40,-0.30002287529777344,0.9679227011062504
4,70,45,9.0,50,-0.2583357544845902,0.9616312321311037
4,70,45,15.0,15,-0.25010654690579054,0.9221320344309942
4,70,45,15.0,20,-0.21416074240312769,0.9906876146242224
4,70,45,15.0,30,-0.2602715101653319,0.9560966453944506
4,70,45,15.0,40,-0.2999784144330241,0.967261080223273
4,70,45,15.0,50,-0.2583674646051687,0.9502134754131327
4,80,0,1.0,0,-0.2114641117671824,0.9891045721454981
4,80,0,1.5,15,-0.22969637347167232,0.957242269792498
4,80,0,1.5,20,-0.21925570974030711,0.9852593870393391
4,80,0,1.5,30,-0.20760938905669116,0.9247418622447788
4,80,0,1.5,40,-0.24246795555942452,0.9802927907894413
4,80,0,1.5,50,-0.20698118126703152,0.9289136931401903
4,80,0,3.0,15,-0.2411526669858691,0.9948718905114122
4,80,0,3.0,20,-0.2573009428032638,0.9487791227938402
4,80,0,3.0,30,-0.2615675486574854,0.9383473932639674
4,80,0,3.0,40,-0.23559937641055234,0.9685968229161098
4,80,0,3.0,50,-0.2595544452644694,0.9361052831598434
4,80,0,6.0,15,-0.2513911150106619,0.9956512423317608
4,80,0,6.0,20,-0.27612490032901954,0.9774659359518075
4,80,0,6.0,30,-0.3122910055233268,0.9378142226440013
4,80,0,6.0,40,-0.2637255261256366,0.9343514259936926
4,80,0,6.0,50,-0.3128691374713691,0.9396706621239465
4,80,0,9.0,15,-0.2223797102247686,0.9375866540493939
4,80,0,9.0,20,-0.23758061926568855,0.9612460855532038
4,80,0,9.0,30,-0.278273347934852,0.9686402099260555
4,80,0,9.0,40,-0.33473563483956736,0.9889944261580712
4,80,0,9.0,50,-0.2769956275030184,0.9717544432210841
4,80,0,15.0,15,-0.22234127033448522,0.9470800041426443
4,80,0,15.0,20,-0.2388491749324701,0.9668089575746993
4,80,0,15.0,30,-0.2783669674312169,0.9723039486238544
4,80,0,15.0,40,-0.33982907222213515,0.9882828632963102
4,80,0,15.0,50,-0.2771412711534984,0.9644823312375931
4,80,15,1.0,0,-0.20246728536471179,0.9534181823141569
4,80,15,1.5,15,-0.24091633037877205,0.955603823347689
4,80,15,1.5,20,-0.2631392159015666,0.9672451669572978
4,80,15,1.5,30,-0.24061941562401393,0.9465881660031584
4,80,15,1.5,40,-0.20961927662900343,0.9701956159305151
4,80,15,1.5,50,-0.24501563974427393,0.9455505419580627
4,80,15,3.0,15,-0.23103682632410139,0.9447989037758655
4,80,15,3.0,20,-0.2623042853128578,0.9669269563414717
4,80,15,3.0,30,-0.19879753885145993,0.9858352685644345
4,80,15,3.0,40,-0.2369704169175362,0.946867205495553
4,80,15,3.0,50,-0.20036714131894184,0.9864406576583166
4,80,15,6.0,15,-0.2866681396350712,0.9167376654106413
4,80,15,6.0,20,-0.2991687941916059,0.9477613098803559
4,80,15,6.0,30,-0.24819860287270346,0.9310860941206912
4,80,15,6.0,40,-0.3049435081433801,0.8705991985158272
4,80,15,6.0,50,-0.24848122884606388,0.9329295376015123
4,80,15,9.0,15,-0.26594576786449997,0.9291947931647715
4,80,15,9.0,20,-0.23978205290599902,0.9923575887443017
4,80,15,9.0,30,-0.31415596430898524,0.9766000590513152
4,80,15,9.0,40,-0.30053922037127684,0.9780768913430791
4,80,15,9.0,50,-0.3174576220919408,0.9759882211637237
4,80,15,15.0,15,-0.2656081962012499,0.9288655995990636
4,80,15,15.0,20,-0.24505716683697235,0.9923815544554913
4,80,15,15.0,30,-0.31779960411296865,0.9757532706433405
4,80,15,15.0,40,-0.3024350821761977,0.9761644766626912
4,80,15,15.0,50,-0.31838321472411285,0.975925249992813
4,80,30,1.0,0,-0.18532165465911016,0.9593070369441792
4,80,30,1.5,15,-0.20302005663707176,0.9866013836816723
4,80,30,1.5,20,-0.21411806302699488,0.9447911240149741
4,80,30,1.5,30,-0.2717285443913538,0.9350165804559943
4,80,30,1.5,40,-0.21926969022283027,0.9851359825640269
4,80,30,1.5,50,-0.27221931616866507,0.9373367644927086
4,80,30,3.0,15,-0.25171869754092047,0.945752784228596
4,80,30,3.0,20,-0.30351332187691576,0.9066630683826625
4,80,30,3.0,30,-0.1784527598960276,0.9996578774073921
4,80,30,3.0,40,-0.2794187058932759,0.9512991942844533
4,80,30,3.0,50,-0.17409332856284743,0.9999412249464062
4,80,30,6.0,15,-0.2755026281702908,0.9606730713137301
4,80,30,6.0,20,-0.2924839899472521,0.9983653648097414
4,80,30,6.0,30,-0.3167389828022121,0.9777648265196098
4,80,30,6.0,40,-0.359255589997825,0.9351079610695883
4,80,30,6.0,50,-0.3162408255516823,0.9760590210471886
4,80,30,9.0,15,-0.3221806387229316,0.9326699249121065
4,80,30,9.0,20,-0.34856720419138393,0.931378900016832
4,80,30,9.0,30,-0.3246339740121661,0.9604942929929452
4,80,30,9.0,40,-0.29744398540968037,0.9986475233528485
4,80,30,9.0,50,-0.32023918298432796,0.9543234760033825
4,80,30,15.0,15,-0.32474680088361246,0.933456014661296
4,80,30,15.0,20,-0.3525164717992429,0.9247016273385145
4,80,30,15.0,30,-0.32367973829137264,0.9630708841174177
4,80,30,15.0,40,-0.3040159319631036,0.9961810313738764
4,80,30,15.0,50,-0.3263870155563797,0.9589249729562404
4,80,45,1.0,0,-0.20841257346036354,0.9885486161237077
4,80,45,1.5,15,-0.2353513798580979,0.905445086585597
4,80,45,1.5,20,-0.25812081965921646,0.9681337616381865
4,80,45,1.5,30,-0.2864181822414998,0.9120479373129339
4,80,45,1.5,40,-0.2255304893990256,0.9471149455180345
4,80,45,1.5,50,-0.29003229980994916,0.9173532583708274
4,80,45,3.0,15,-0.3273394240365929,0.9982061615856818
4,80,45,3.0,20,-0.23610488795684476,0.945003426673532
4,80,45,3.0,30,-0.2602970785235616,0.9554654558645095
4,80,45,3.0,40,-0.22844730342409492,0.9145971856733136
4,80,45,3.0,50,-0.26038884876044355,0.9622817296829538
4,80,45,6.0,15,-0.2928043618583728,0.9356617188556607
4,80,45,6.0,20,-0.2602870398924012,0.9721993815494205
4,80,45,6.0,30,-0.38161578860545514,0.9425880199636857
4,80,45,6.0,40,-0.33079178659592023,0.9876900264525112
4,80,45,6.0,50,-0.3852858374572083,0.9426876193688104
4,80,45,9.0,15,-0.33080739220285554,0.8482631803271666
4,80,45,9.0,20,-0.31251254961054503,0.9619583496152543
4,80,45,9.0,30,-0.28041453527108,0.9537299158604303
4,80,45,9.0,40,-0.3819421290886794,0.9678310800837471
4,80,45,9.0,50,-0.2776033871809386,0.9510510836170459
4,80,45,15.0,15,-0.33622640233646506,0.8432985576574737
4,80,45,15.0,20,-0.31017167029954124,0.9523062930115332
4,80,45,15.0,30,-0.2817174154038212,0.9511798365486559
4,80,45,15.0,40,-0.3898822852488138,0.9662568350968204
4,80,45,15.0,50,-0.2818907482381201,0.9501343722535518
4,90,0,1.0,0,-0.25817713320990265,0.98844767950945
4,90,0,1.5,15,-0.24719541765499536,0.9872318198311847
4,90,0,1.5,20,-0.2341056317403576,0.980777912774329
4,90,0,1.5,30,-0.23383139665410996,0.9967000119645374
4,90,0,1.5,40,-0.27804787936688147,0.9125038074614574
4,90,0,1.5,50,-0.23779702449720808,0.9981437211370783
4,90,0,3.0,15,-0.24786462734487774,0.9337988685337143
4,90,0,3.0,20,-0.2937658027023578,0.9719165261311278
4,90,0,3.0,30,-0.26761974805513156,0.9785689347150157
4,90,0,3.0,40,-0.34097130936251746,0.9458915154661636
4,90,0,3.0,50,-0.26655477421154394,0.9784202495835224
4,90,0,6.0,15,-0.2873725334731276,0.9465762776929416
4,90,0,6.0,20,-0.35810480937266564,0.9328787225029579
4,90,0,6.0,30,-0.304333063980543,0.9956191745868058
4,90,0,6.0,40,-0.30483717245208086,0.9027777552382438
4,90,0,6.0,50,-0.30563863875175656,0.994253950722545
4,90,0,9.0,15,-0.3260733287188255,0.9676602796050842
4,90,0,9.0,20,-0.30661264733192717,0.9514468614165394
4,90,0,9.0,30,-0.31098500842442783,0.9754819446070155
4,90,0,9.0,40,-0.26239757303269196,0.9720660911940426
4,90,0,9.0,50,-0.31702131290862684,0.974585189274495
4,90,0,15.0,15,-0.32987223666646753,0.966052405990846
4,90,0,15.0,20,-0.3064433471783651,0.9497083903852344
4,90,0,15.0,30,-0.31410674429395785,0.9710145948143254
4,90,0,15.0,40,-0.26716167234560173,0.9745833703638501
4,90,0,15.0,50,-0.3150592285835204,0.9691789791311607
4,90,15,1.0,0,-0.21772327058200636,0.9852349215304778
4,90,15,1.5,15,-0.2559645431607508,0.9167432865234831
4,90,15,1.5,20,-0.21045191730515378,0.9651399221855406
4,90,15,1.5,30,-0.24303879768712258,0.939441779177598
4,90,15,1.5,40,-0.23286595115973346,0.9412967122907393
4,90,15,1.5,50,-0.24513179630553403,0.9401802022969201
4,90,15,3.0,15,-0.2655364533288976,0.9269122655571196
4,90,15,3.0,20,-0.28730850666859786,0.9266938854060096
4,90,15,3.0,30,-0.31005266986345975,0.9589433846091113
4,90,15,3.0,40,-0.29016461140668903,0.9551123021403366
4,90,15,3.0,50,-0.31291259088162304,0.9559167411253181
4,90,15,6.0,15,-0.29997776946798677,0.9081721168407123
4,90,15,6.0,20,-0.3244474241654475,0.8799183930621497
4,90,15,6.0,30,-0.3136057430594164,0.9312813933755237
4,90,15,6.0,40,-0.3297390847695763,0.9694431926884529
4,90,15,6.0,50,-0.312619475649619,0.9313155064858578
4,90,15,9.0,15,-0.31285049522818736,0.9173376560342786
4,90,15,9.0,20,-0.3329451615948916,0.9536376369285513
4,90,15,9.0,30,-0.34711186431487995,0.947242590560245
4,90,15,9.0,40,-0.2850459497158492,0.916346013066665
4,90,15,9.0,50,-0.3530812460890512,0.9516073658675458
4,90,15,15.0,15,-0.3194501680596816,0.9166481483447306
4,90,15,15.0,20,-0.33785924203982143,0.9473050669923216
4,90,15,15.0,30,-0.3548521762712585,0.9485134531063393
4,90,15,15.0,40,-0.2874718548640008,0.9122644613683912
4,90,15,15.0,50,-0.35190893519645633,0.9573132612730116
4,90,30,1.0,0,-0.20738283749615152,0.9734449114828629
4,90,30,1.5,15,-0.21787775610196597,0.9906582048308776
4,90,30,1.5,20,-0.23002999078650824,0.9469203414727254
4,90,30,1.5,30,-0.2568559828084449,0.912699170533846
4,90,30,1.5,40,-0.2050681520672263,0.9856520906742693
4,90,30,1.5,50,-0.25695888523730287,0.9120417033335798
4,90,30,3.0,15,-0.27482842817923137,0.9070719256331635
4,90,30,3.0,20,-0.24220457869048845,0.9105417992112391
4,90,30,3.0,30,-0.25499549109516795,0.9358442791695265
4,90,30,3.0,40,-0.2788211995651176,0.946793111885013
4,90,30,3.0,50,-0.2593497610478874,0.9449263147829491
4,90,30,6.0,15,-0.32949098433928453,0.9479691772405584
4,90,30,6.0,20,-0.3236784072489114,0.9444446161959859
4,90,30,6.0,30,-0.3361688415790309,0.9558934132585667
4,90,30,6.0,40,-0.31516146811365586,0.9301639717894891
4,90,30,6.0,50,-0.3381311162126737,0.9583242213962577
4,90,30,9.0,15,-0.28202014324063307,0.9910320120430259
4,90,30,9.0,20,-0.3265863837279935,0.9812038431274226
4,90,30,9.0,30,-0.28559325374061306,0.9954880107063782
4,90,30,9.0,40,-0.3962335295454273,0.9545782789651106
4,90,30,9.0,50,-0.2915961969567936,0.9940510861481456
4,90,30,15.0,15,-0.28788306169227945,0.9890473873544228
4,90,30,15.0,20,-0.3324632810527183,0.9810429084586021
4,90,30,15.0,30,-0.29388580468488357,0.9941571086091666
4,90,30,15.0,40,-0.39835755982857046,0.9503855549531514
4,90,30,15.0,50,-0.295036301075788,0.9922555374425354
4,90,45,1.0,0,-0.16598031658092918,0.9929904841740776
4,90,45,1.5,15,-0.2233244763629104,0.9083188786967363
4,90,45,1.5,20,-0.24580436669267636,0.96841370102762
4,90,45,1.5,30,-0.25428802187215777,0.9166733231113043
4,90,45,1.5,40,-0.273526172088607,0.9572926444145584
4,90,45,1.5,50,-0.25290776225190814,0.9165121897967966
4,90,45,3.0,15,-0.2675887118397181,0.977417210478343
4,90,45,3.0,20,-0.23342378766689592,0.9191807673522581
4,90,45,3.0,30,-0.3939524624430287,0.8906812112647307
4,90,45,3.0,40,-0.36348090520125403,0.9425475619875494
4,90,45,3.0,50,-0.39274343867681766,0.892728180048615
4,90,45,6.0,15,-0.222771134065196,0.9759951992875451
4,90,45,6.0,20,-0.2983593030139685,0.9159156829772878
4,90,45,6.0,30,-0.2862069441686558,0.8984144920127787
4,90,45,6.0,40,-0.28556753159029014,0.9441707411541942
4,90,45,6.0,50,-0.2902312898069296,0.8933482798203609
4,90,45,9.0,15,-0.3450899441892042,0.8400930287320542
4,90,45,9.0,20,-0.4258907154243358,0.8589020043009608
4,90,45,9.0,30,-0.3440895403320611,0.9993796950398911
4,90,45,9.0,40,-0.24505762952372223,0.9026891238028821
4,90,45,9.0,50,-0.34152936290829794,0.9990925180927627
4,90,45,15.0,15,-0.3502458805755993,0.8389768190431882
4,90,45,15.0,20,-0.4346440098278355,0.8588142881415414
4,90,45,15.0,30,-0.3528761129686811,0.9989210617546974
4,90,45,15.0,40,-0.25270784158703014,0.8999943226446399
4,90,45,15.0,50,-0.34940128659865527,0.9993435590651355
