R2,RMSE,MAE,MAPE,NSE,Model,Seed,Time_fit_s,Time_predict_ms_per_sample,R2_train
0.8998516183732477,6.935852822368606,5.451121320908421,6.583642031106093,0.8998516183732477,Obenaus,42,0.004,0.0004,0.9055602423639043
0.6977237297971632,12.049802493540053,9.678677269693097,11.70874949950691,0.6977237297971632,Rizk,42,0.002,0.0004,0.724484175512137
0.953611973096587,4.7204222774495905,3.8050318738484528,4.722178784345962,0.953611973096587,Ridge,42,0.02,0.0008,0.9548551954837108
0.9735230372929681,3.566251628452989,2.6606953315328314,3.420595876747042,0.9735230372929681,Decision Tree,42,0.027,0.0006,0.9930160114455019
0.9683749120200373,3.8975686402060252,2.9784468423416244,3.7174349627282277,0.9683749120200373,KNN,42,0.018,0.2651,1.0
0.9852236228720783,2.664169698841103,2.024516545952433,2.6371518767338498,0.9852236228720783,Extra Trees,42,2.47,0.178,0.9961873350985957
0.9884563743231319,2.354772844700688,1.8120934877712362,2.435099849731656,0.9884563743231319,GBR,42,8.188,0.0465,0.9903362313262685
0.9878530838859124,2.4155215548454074,1.8562911899615606,2.498932225978997,0.9878530838859124,HistGBR,42,11.137,0.0387,0.9907433081894512
0.9862147294873796,2.5732711295351027,1.975110151244853,2.5859294504699375,0.9862147294873796,RF,42,1.556,0.1147,0.9963826985240766
0.9879127647537674,2.409580214185343,1.8510019683357977,2.4768699103180003,0.9879127647537674,SVR,42,4.891,0.4323,0.9894553125959771
0.9871953254830201,2.480059914792748,1.93856815419203,2.566327243225171,0.9871953254830201,MLP,42,88.264,0.0228,0.9890725748059573
0.9889788180025915,2.300869505263026,1.7532821522306936,2.357357491762362,0.9889788180025915,HyPhysML,42,3989.977,0.4941,0.9923026930492095
0.9885303648066267,2.3472140900391434,1.7981379945772191,2.4192716994231667,0.9885303648066267,XGBoost,42,2.284,0.0999,0.9909770685826939
0.9881012513412882,2.390719074196787,1.8248791530741542,2.44799185662062,0.9881012513412882,LightGBM,42,790.68,0.0304,0.9925196524244859
0.9875059060057334,2.4497980552361467,1.8951559139729204,2.5591715725663473,0.9875059060057334,HyPhysML-MC,42,423.319,0.7826,0.9886678413457843
0.9883297720688905,2.367650367751913,1.8051318639124956,2.399708743562002,0.9883297720688905,HyPhysML-noHPO,42,675.981,1.0314,0.9941198846211258
0.9883898195188898,2.361551312942716,1.8017050702078443,2.3952993680828047,0.9883898195188898,HyPhysML-MeanStack,42,1338.071,1.1653,0.9955047745986664
0.908795946807134,6.763484666691458,5.340532952152455,6.576442584643781,0.908795946807134,Obenaus,7,0.004,0.0004,0.9040772698382913
0.7311923478368652,11.61139111604368,9.439429457509554,11.649507044100606,0.7311923478368652,Rizk,7,0.002,0.0003,0.7170310833512745
0.9543997824527026,4.782411009446135,3.8361344331133487,4.795078126561827,0.9543997824527026,Ridge,7,0.015,0.0006,0.9547157986187579
0.9736591171650537,3.6347839649799973,2.7186841573716576,3.4781889270447937,0.9736591171650537,Decision Tree,7,0.032,0.0004,0.9953192655112911
0.9735264663670588,3.643924727139995,2.8119756870989154,3.524723010172079,0.9735264663670588,KNN,7,0.013,0.2182,1.0
0.9861491415205683,2.6357352580212074,2.000192763288961,2.6033663729347087,0.9861491415205683,Extra Trees,7,2.577,0.4137,0.9960144763810712
0.9893192580423772,2.314537126944637,1.789959386381179,2.3864805597654586,0.9893192580423772,GBR,7,9.126,0.0711,0.9924527172392162
0.9888302022679631,2.366933707966174,1.820927499582675,2.4457349119358,0.9888302022679631,HistGBR,7,26.864,0.2765,0.990401393809117
0.9870896067295635,2.544679997585054,1.9664357791886982,2.576947212886443,0.9870896067295635,RF,7,3.302,0.4437,0.9964802725549677
0.9884547581087879,2.406384150335042,1.8337754976161749,2.4739592459496267,0.9884547581087879,SVR,7,3.733,0.2194,0.9898371582836679
0.9883105338562702,2.4213678900792006,1.8744962002652863,2.5241743235599814,0.9883105338562702,MLP,7,265.533,0.0386,0.9896136753760297
0.9895089966755565,2.293886642701114,1.7663130538002312,2.3614158815345396,0.9895089966755565,HyPhysML,7,2142.669,0.6186,0.9919936625449761
0.9888325324896929,2.3666868025083034,1.8324224172827,2.4559198511611835,0.9888325324896929,XGBoost,7,1.254,0.0291,0.9912669944853741
0.9889000392140097,2.359522713963057,1.825543455025438,2.4414558501750996,0.9889000392140097,LightGBM,7,12.082,0.0217,0.9927047090622406
0.9880772759973,2.4454071940693067,1.9134889949288243,2.544628270988961,0.9880772759973,HyPhysML-MC,7,465.058,0.0844,0.9883630674904272
0.9892178485469014,2.32549898418823,1.7933379487711276,2.3810488031128263,0.9892178485469014,HyPhysML-noHPO,7,123.617,0.4386,0.9938671240541631
0.9891424083622798,2.3336202886924937,1.8057023893887711,2.3913546667633856,0.9891424083622798,HyPhysML-MeanStack,7,31.08,1.5054,0.995693976125275
0.9090882786301816,6.777604177678463,5.278066279198327,6.4321520376466985,0.9090882786301816,Obenaus,13,0.003,0.0003,0.9036315521934819
0.7335933553020167,11.602158326343886,9.353762701350657,11.415370771184445,0.7335933553020167,Rizk,13,0.002,0.0002,0.716203570241556
0.9542758020736898,4.806614688666484,3.8607308610474895,4.879581021982416,0.9542758020736898,Ridge,13,0.013,0.0006,0.9546910553963848
0.9706445412268683,3.851329686868884,2.81858046650755,3.552762263511513,0.9706445412268683,Decision Tree,13,0.019,0.0003,0.9925616753218368
0.9691142483088375,3.9504388996813473,3.085035094593196,3.855342571481299,0.9691142483088375,KNN,13,0.011,0.0464,1.0
0.983768370988974,2.8638305343785384,2.146946154892757,2.777573537787839,0.983768370988974,Extra Trees,13,1.485,0.1051,0.9976923476828302
0.9878766523489716,2.4750133219932766,1.9134234380848039,2.5688064913516024,0.9878766523489716,GBR,13,5.927,0.0395,0.9911642478642974
0.9875827136231857,2.504837808137509,1.9368808605748074,2.6026523396921455,0.9875827136231857,HistGBR,13,1.09,0.034,0.9907650819038742
0.9849093988113734,2.7613377630435756,2.0985655638653,2.740174143209377,0.9849093988113734,RF,13,2.398,0.171,0.9967368103222967
0.9877790982268845,2.484951335110861,1.9088624526588511,2.575122285676108,0.9877790982268845,SVR,13,3.835,0.1996,0.9897506494572854
0.9873856168177754,2.5246389076272004,1.9730160185464016,2.639364338392482,0.9873856168177754,MLP,13,124.441,0.0273,0.989320166239735
0.9881438361667165,2.4475882365796218,1.8792737870797784,2.5166620716354045,0.9881438361667165,HyPhysML,13,1207.008,0.4908,0.9928540063212489
0.9879446913356943,2.4680583810033907,1.9040381487826323,2.5622118677851415,0.9879446913356943,XGBoost,13,27.13,0.0674,0.9913353783303496
0.9869777951839548,2.5651249337204627,1.9600573674507085,2.6113523537898016,0.9869777951839548,LightGBM,13,128.969,0.0169,0.9931401092771799
0.9870845260232056,2.5545913402534777,1.9623163645144577,2.635794944506634,0.9870845260232056,HyPhysML-MC,13,1090.029,0.1468,0.9883487567842426
0.9875579538969864,2.5073338532118528,1.9114970278078247,2.5433466772832536,0.9875579538969864,HyPhysML-noHPO,13,160.692,0.1121,0.994404328381107
0.987331836302067,2.5300149918136987,1.9424328202316252,2.5744730839229875,0.987331836302067,HyPhysML-MeanStack,13,197.174,0.5386,0.9959467725426586
0.9028269219564244,7.0677630180878515,5.547542472358038,6.789362424840895,0.9028269219564244,Obenaus,99,0.004,0.0004,0.9045697272751719
0.7330584408054119,11.7143203327039,9.422780615103992,11.69870732329494,0.7330584408054119,Rizk,99,0.002,0.0003,0.7163103588616443
0.9549230728907077,4.813779029710059,3.929055285929623,4.968847166040643,0.9549230728907077,Ridge,99,0.013,0.0006,0.9544974238652758
0.9728667736233022,3.734734370870404,2.7425268893893895,3.6036627249490687,0.9728667736233022,Decision Tree,99,0.017,0.0005,0.9956684396229545
0.9709730795808743,3.8628645543668068,3.013414405249903,3.8961704264002006,0.9709730795808743,KNN,99,0.012,0.0491,1.0
0.9842972656253615,2.841166213709269,2.1118858256200252,2.8047548052972395,0.9842972656253615,Extra Trees,99,2.61,0.1983,0.9977411646076192
0.9889368830930191,2.384776866917486,1.82049032683238,2.471589174872596,0.9889368830930191,GBR,99,7.266,0.0516,0.9918226959494855
0.9884706069965593,2.4345136898263773,1.8869714540065838,2.5567121295651507,0.9884706069965593,HistGBR,99,1.088,0.035,0.9905952179247477
0.9857158138248204,2.7097969548133687,2.0468076360322907,2.7324444458361423,0.9857158138248204,RF,99,2.409,0.2009,0.9965996100279487
0.9880183538377616,2.481802652526648,1.8922927921378772,2.5830375514787747,0.9880183538377616,SVR,99,4.433,0.2174,0.9895700955079861
0.9879509161837184,2.488777157710291,1.9307142912897823,2.6200228684127262,0.9879509161837184,MLP,99,65.968,0.0034,0.9893907864749881
0.9890777972647801,2.3695403916143247,1.8084587445352476,2.4491036531196118,0.9890777972647801,HyPhysML,99,867.976,0.6634,0.9928465093461568
0.9889551913826711,2.3828027729696966,1.8294180293040234,2.482713559913429,0.9889551913826711,XGBoost,99,1.194,0.0669,0.9914687094264587
0.9883710923466187,2.4449977300778603,1.8699640715079318,2.5196756862223415,0.9883710923466187,LightGBM,99,157.362,0.0492,0.9925608662895758
0.9878699837139224,2.4971216004146943,1.9443534371497213,2.6354932198530827,0.9878699837139224,HyPhysML-MC,99,2133.981,4.0084,0.9884632370298531
0.988601764926276,2.420626615278633,1.8432349864103372,2.4759327492469727,0.988601764926276,HyPhysML-noHPO,99,475.123,0.1637,0.9943776382300928
0.9881619490900788,2.4668861179708634,1.8861907580884674,2.540865920527928,0.9881619490900788,HyPhysML-MeanStack,99,1508.053,2.3763,0.9959416729690507
0.9051932405646762,6.8070870152546545,5.336494564047292,6.374891788732224,0.9051932405646762,Obenaus,2024,0.004,0.0004,0.9036970034074706
0.732791020117084,11.427919582014368,9.250104509100982,11.133523293776495,0.732791020117084,Rizk,2024,0.002,0.0003,0.7156355745147487
0.954954572598275,4.692097273666256,3.7680854605786758,4.642754484288704,0.954954572598275,Ridge,2024,0.019,0.0008,0.9545452445574775
0.9747496486312099,3.5129774660130795,2.5815414289289285,3.311589409738717,0.9747496486312099,Decision Tree,2024,0.019,0.0005,0.9930039347573019
0.9721603045741738,3.6887047154942554,2.833765205578182,3.5175889849005446,0.9721603045741738,KNN,2024,0.012,0.0467,1.0
0.9841954307556298,2.7792843559606903,2.0362386042792244,2.647328622431733,0.9841954307556298,Extra Trees,2024,2.154,0.1543,0.9976679554769845
0.9879820257872355,2.4235795817488084,1.869691122889176,2.4814048969501865,0.9879820257872355,GBR,2024,4.579,0.0289,0.9903085859215861
0.9878677530215583,2.43507461020721,1.8628960901894682,2.4782552368338595,0.9878677530215583,HistGBR,2024,1.501,0.0418,0.9907312875283713
0.9852726127379509,2.682900117742579,2.013014343195834,2.639102356043921,0.9852726127379509,RF,2024,2.313,0.2206,0.9965268354386145
0.9880993258202954,2.4117230470653306,1.8355159955151221,2.4220246581443714,0.9880993258202954,SVR,2024,4.343,0.2146,0.9901587825903075
0.9878919965310691,2.4326404248526674,1.8904257390132708,2.4994696496085727,0.9878919965310691,MLP,2024,95.347,0.0185,0.9895113526518229
0.9884236123211148,2.3786370665141345,1.816422373075854,2.4115342905410535,0.9884236123211148,HyPhysML,2024,1112.287,0.611,0.9927256946593731
0.9880230784417854,2.4194366419460724,1.8512926133760106,2.459905002854129,0.9880230784417854,XGBoost,2024,1.898,0.0483,0.9919198056082704
0.9875011185621481,2.471594529509164,1.8824002160790243,2.496347219513597,0.9875011185621481,LightGBM,2024,49.701,0.0366,0.9927127306763621
0.9869724834288724,2.5233208033005807,1.9380352431076417,2.5768640989503266,0.9869724834288724,HyPhysML-MC,2024,138.362,0.1415,0.9887126708376445
0.9881276992804267,2.4088463292313844,1.8258785594402835,2.419023414280301,0.9881276992804267,HyPhysML-noHPO,2024,25.381,0.1252,0.9943453008335413
0.9879857980323427,2.4231991909451094,1.8351103023906568,2.4293062361422,0.9879857980323427,HyPhysML-MeanStack,2024,54.84,0.6105,0.995880874586381
0.9048858344219661,6.562066559921482,5.222694778795687,6.418018531047501,0.9048858344219661,Obenaus,17,0.004,0.0005,0.90490569502783
0.7119666178137245,11.419298934980738,9.26598706064707,11.348129236074556,0.7119666178137245,Rizk,17,0.002,0.0003,0.7210376112784456
0.9512702802562373,4.696939723740317,3.8174460543546758,4.790858075619638,0.9512702802562373,Ridge,17,0.02,0.0008,0.9553947362720976
0.9715641058865043,3.5879920677053136,2.659897022022022,3.4279684533387154,0.9715641058865043,Decision Tree,17,0.017,0.0004,0.9948949876343585
0.9663283362833637,3.904364162038507,3.0355362044302794,3.784502307322071,0.9663283362833637,KNN,17,0.013,0.0455,1.0
0.9827594103122615,2.7937921202239346,2.1033733414412783,2.7445228226553784,0.9827594103122615,Extra Trees,17,2.205,0.1842,0.9977977546150884
0.9873180879651201,2.3961301194702878,1.8338752659750328,2.4504544436090723,0.9873180879651201,GBR,17,5.022,0.0305,0.990574180276865
0.9870788407695459,2.418626290019724,1.8465495950364124,2.4711537828395618,0.9870788407695459,HistGBR,17,1.127,0.0342,0.9908418090976411
0.9843007687448971,2.665982065126704,2.033610559471801,2.6770521340661206,0.9843007687448971,RF,17,1.746,0.1406,0.9966773512430666
0.9862831595336135,2.491982991731414,1.8756401486720782,2.517522747688614,0.9862831595336135,SVR,17,9.622,0.2023,0.9905757651750402
0.9858407741417856,2.53184890691961,1.9688842803494828,2.620891787942255,0.9858407741417856,MLP,17,41.175,0.0356,0.9886955335387153
0.9877726234009202,2.3527981733115158,1.7800108927128733,2.3803640089727454,0.9877726234009202,HyPhysML,17,641.372,0.6246,0.9932748329542096
0.9874633035832509,2.382372046748425,1.808223098250839,2.4232679203080174,0.9874633035832509,XGBoost,17,1.541,0.0504,0.9914663294394126
0.9868358649367793,2.441260896655891,1.8373388885582616,2.459184190765424,0.9868358649367793,LightGBM,17,109.753,0.032,0.9928497645128792
0.9865758165211893,2.4652556892813067,1.8806751144839589,2.527991772733369,0.9865758165211893,HyPhysML-MC,17,170.602,0.1337,0.9887745502937201
0.9872549997253904,2.402082695672934,1.8266200792767204,2.41991045020802,0.9872549997253904,HyPhysML-noHPO,17,68.767,0.1209,0.994848036959365
0.9870771946517428,2.41878034806239,1.828462190393346,2.4302879377267166,0.9870771946517428,HyPhysML-MeanStack,17,86.17,0.5435,0.9959317633004874
0.90518854750166,6.902066299332438,5.3953729613397385,6.490484480509028,0.90518854750166,Obenaus,88,0.007,0.0004,0.90477318275239
0.7060153899049548,12.153770315309389,9.82453057442444,11.928183074990544,0.7060153899049548,Rizk,88,0.002,0.0003,0.7230874344546866
0.9541595242198757,4.799249021118082,3.8637447219865733,4.774086953797354,0.9541595242198757,Ridge,88,0.019,0.0008,0.9547468378178068
0.9745865617686644,3.573390179043451,2.661661536536537,3.3937741186730173,0.9745865617686644,Decision Tree,88,0.023,0.0004,0.9943970679031789
0.9700034830351189,3.8822557472805403,3.0706049226744887,3.846630025412033,0.9700034830351189,KNN,88,0.011,0.075,1.0
0.9862318286078473,2.630188402878624,1.9991701278616547,2.580086532382118,0.9862318286078473,Extra Trees,88,2.135,0.1523,0.9976236712920884
0.9898135908485642,2.2623473480190555,1.7498528737795926,2.315327543333708,0.9898135908485642,GBR,88,6.294,0.05,0.9915868652239233
0.9894219511653868,2.305427718986637,1.7992776897933365,2.382293972238954,0.9894219511653868,HistGBR,88,1.16,0.0365,0.9902152773265605
0.9873985919081693,2.5162759389840383,1.929466413430369,2.5100362883416953,0.9873985919081693,RF,88,2.807,0.199,0.9965614657214463
0.9892214658986568,2.3271725027101318,1.8005765987599243,2.3792236654056405,0.9892214658986568,SVR,88,3.151,0.2936,0.9891356922114444
0.9889290918513826,2.3585242747068564,1.8262383863690463,2.4237229705034817,0.9889290918513826,MLP,88,125.486,0.0333,0.9891836349171524
0.9900559740622341,2.235269287274936,1.7226687010080888,2.281037901483216,0.9900559740622341,HyPhysML,88,2644.911,0.6032,0.9926141992822488
0.9896772401873646,2.277438394096961,1.7581575141883827,2.3287415126066193,0.9896772401873646,XGBoost,88,22.165,0.0575,0.9909107465369951
0.9893046610093597,2.3181738569323405,1.7860785826637415,2.356658779536429,0.9893046610093597,LightGBM,88,151.877,0.0426,0.9925986844137529
0.9883754844942666,2.4167746521034505,1.8623211655129046,2.4877959737369797,0.9883754844942666,HyPhysML-MC,88,136.397,0.1302,0.9879789675610557
0.9894810977951971,2.2989733422452776,1.7688684368201797,2.311905523675518,0.9894810977951971,HyPhysML-noHPO,88,33.122,0.117,0.9941474985950336
0.9893682663609165,2.3112704695387447,1.7885097335643507,2.345803009226821,0.9893682663609165,HyPhysML-MeanStack,88,92.306,0.5847,0.9958125161782332
0.9085921945106976,6.796724730924031,5.320501782510553,6.361922862131839,0.9085921945106976,Obenaus,55,0.004,0.0005,0.9039884680634497
0.7168009864390807,11.963380286298788,9.567170648893583,11.594162134974322,0.7168009864390807,Rizk,55,0.002,0.0003,0.7204984705089514
0.9545963460445672,4.790197750572448,3.8015350882763514,4.693080550650125,0.9545963460445672,Ridge,55,0.019,0.0008,0.95461731529329
0.9716634566584749,3.7842644299632795,2.7704556765730617,3.53616210486546,0.9716634566584749,Decision Tree,55,0.022,0.0004,0.995764567563374
0.9704183381429234,3.8665116597826716,2.9656737057888507,3.7236072692489866,0.9704183381429234,KNN,55,0.012,0.046,1.0
0.9851696629860399,2.737685464484463,2.0710118923801812,2.6662499927185057,0.9851696629860399,Extra Trees,55,0.711,0.0591,0.9962190135886732
0.9888394472571109,2.3749304295593334,1.840454812683363,2.4591447006677756,0.9888394472571109,GBR,55,6.655,0.0297,0.9904122875085613
0.9886079171777796,2.399438410474037,1.8544552846845688,2.471289199475963,0.9886079171777796,HistGBR,55,1.159,0.0277,0.9900800453892726
0.9860734346582084,2.6529560207117378,2.014259780706093,2.623355142764812,0.9860734346582084,RF,55,2.703,0.2113,0.9965961762301004
0.9879315875107006,2.469636941222109,1.891956700159032,2.5353390666000855,0.9879315875107006,SVR,55,5.485,0.2023,0.9901652643119114
0.9876825413792404,2.494988774344882,1.944875404120104,2.5851570616197965,0.9876825413792404,MLP,55,49.852,0.0235,0.9894607848730474
0.9891622786681253,2.3403296236333024,1.8014180232385273,2.3971656986342498,0.9891622786681253,HyPhysML,55,527.42,0.4854,0.9923406811462776
0.9884916148789906,2.4116552976425103,1.8528641405764288,2.4736442933976974,0.9884916148789906,XGBoost,55,1.745,0.0668,0.9914191794644566
0.988097615887572,2.4525903818574655,1.8780243416251157,2.4926625197367738,0.988097615887572,LightGBM,55,69.97,0.0375,0.9926906286809487
0.9877987107496345,2.4831954361598667,1.9274796346536163,2.550946117351418,0.9877987107496345,HyPhysML-MC,55,328.761,0.1119,0.9883474662046537
0.9886343326284396,2.3966549409114104,1.836784454944893,2.425825909118038,0.9886343326284396,HyPhysML-noHPO,55,71.859,0.1099,0.9938419878281309
0.9882999673049937,2.431652871195769,1.87933622447659,2.4774271562554597,0.9882999673049937,HyPhysML-MeanStack,55,104.156,0.4864,0.9955422904953439
0.9063657202911498,6.882728404117306,5.411209433831595,6.528018272907779,0.9063657202911498,Obenaus,101,0.004,0.0005,0.9043921399304955
0.7263584810270185,11.76614487999067,9.503836425767528,11.557674580187319,0.7263584810270185,Rizk,101,0.002,0.0003,0.7186290164172662
0.9549357237482304,4.774846292054867,3.82855957056366,4.7134314693694765,0.9549357237482304,Ridge,101,0.02,0.0007,0.9545582264170129
0.9746051499608264,3.5843963113005843,2.647450762288263,3.4205138704858813,0.9746051499608264,Decision Tree,101,0.021,0.0003,0.9943270610180323
0.9681590164691823,4.013621666805737,3.1137903877541024,3.868840018819259,0.9681590164691823,KNN,101,0.011,0.0693,1.0
0.9867113863865641,2.5928836688306616,2.0010366451401294,2.603276173510196,0.9867113863865641,Extra Trees,101,2.319,0.2166,0.9960256488556851
0.9890166157814075,2.357280608205215,1.8572384558846577,2.4781381453375166,0.9890166157814075,GBR,101,8.601,0.0298,0.990106856677552
0.9889823472927445,2.3609551374278652,1.8556821639441363,2.477286581399685,0.9889823472927445,HistGBR,101,0.997,0.0292,0.9905953515456026
0.9875114794374338,2.513614610447414,1.951966950731578,2.5613451318904925,0.9875114794374338,RF,101,2.519,0.1925,0.9964165167842808
0.9886371861172863,2.3976519616827447,1.8295366676820504,2.4600443544318678,0.9886371861172863,SVR,101,5.156,0.2789,0.9894356150165168
0.9885941356498844,2.402189678115337,1.8650469904674665,2.480699702092579,0.9885941356498844,MLP,101,10.48,0.0199,0.9893425765892803
0.9898223739759419,2.269166899133839,1.773477883772977,2.370120732419276,0.9898223739759419,HyPhysML,101,1525.641,0.6791,0.9919136356656486
0.9893545746966922,2.3207304675438225,1.8163880060327662,2.432816063703033,0.9893545746966922,XGBoost,101,1.812,0.0499,0.9907903706261237
0.9892092760577049,2.3365145322285032,1.8175454537334268,2.4240568382337515,0.9892092760577049,LightGBM,101,211.934,0.0607,0.9926226329434029
0.9880927072132545,2.4544246938470633,1.9079663814481858,2.554294116109898,0.9880927072132545,HyPhysML-MC,101,470.079,0.103,0.9882065078513225
0.9894952165099844,2.305349355858249,1.795176191835941,2.378202073849777,0.9894952165099844,HyPhysML-noHPO,101,12.716,0.0783,0.9939671793167055
0.9892007605706269,2.337436279259776,1.822682767139142,2.412833728680649,0.9892007605706269,HyPhysML-MeanStack,101,21.914,0.523,0.9954376356649032
0.9022774667766915,6.990797914827628,5.445554217148395,6.62207422218667,0.9022774667766915,Obenaus,314,0.003,0.0003,0.9055745401599811
0.7157542259352634,11.922748915235953,9.59087646335098,11.721477160623053,0.7157542259352634,Rizk,314,0.002,0.0002,0.7213647863921349
0.9546690605492061,4.761313191145575,3.7736900371802884,4.70741655415517,0.9546690605492061,Ridge,314,0.013,0.0006,0.9545809632965064
0.975634531286192,3.4907341512310586,2.606842592592592,3.3306992290971995,0.975634531286192,Decision Tree,314,0.021,0.0003,0.9944375027990827
0.9669931474481601,4.062856153899223,3.1154434787270793,3.8747109145194782,0.9669931474481601,KNN,314,0.011,0.0398,1.0
0.9858647139087984,2.6587756407448087,2.008170296101258,2.5606501809490214,0.9858647139087984,Extra Trees,314,1.403,0.1425,0.9960576712444562
0.9881369963121133,2.4357164122624644,1.8753329665151584,2.5048354378804727,0.9881369963121133,GBR,314,8.115,0.0275,0.9905295982356562
0.9878287268564305,2.4671604485908087,1.8977959499411643,2.539666465984886,0.9878287268564305,HistGBR,314,0.845,0.0228,0.9906781111874864
0.9865093879192752,2.5974381621384732,1.9840864081829688,2.5834918060435323,0.9865093879192752,RF,314,1.529,0.1749,0.9964923254366655
0.9879450282521539,2.455344801302848,1.8713991760842223,2.492337656573452,0.9879450282521539,SVR,314,3.648,0.2037,0.9898610871429727
0.9870831116374258,2.5416066774613375,1.9800525394542483,2.6195881557060963,0.9870831116374258,MLP,314,12.4,0.004,0.9889743994079182
0.9888022198995027,2.366439234443584,1.8126871547341754,2.4215821861275586,0.9888022198995027,HyPhysML,314,90.618,0.4786,0.9921456864951163
0.9882957483697834,2.419364004241433,1.8577262818849123,2.4870008145300915,0.9882957483697834,XGBoost,314,1.764,0.0372,0.9911092372788228
0.9884426190685544,2.4041363985839785,1.8423086978418108,2.457904458498877,0.9884426190685544,LightGBM,314,1.838,0.02,0.9924768082332238
0.9868672034246676,2.5627603631082976,1.9776085644820376,2.6365406951463153,0.9868672034246676,HyPhysML-MC,314,23.867,0.1166,0.9888356781596433
0.9882627391986064,2.4227732342701715,1.8410066455435796,2.426910102040626,0.9882627391986064,HyPhysML-noHPO,314,11.763,0.0803,0.9938598708051486
0.9883792442876139,2.41071891588944,1.8455595567986118,2.4461655202589405,0.9883792442876139,HyPhysML-MeanStack,314,15.369,0.4677,0.9954879086999503
