Model,R2_mean,R2_std,RMSE_mean,RMSE_std,MAE_mean,MAE_std,MAPE_mean,MAPE_std,NSE_mean,R2_train_mean,Time_fit_mean,Time_fit_std,Pred_ms_per_sample,Overfit_gap,R2_CI95_seedmean_lo,R2_CI95_seedmean_hi,R2_seed42,R2_CI95_seed42_obs_lo,R2_CI95_seed42_obs_hi
HyPhysML,0.98897,0.00072,2.33545,0.06168,1.7914,0.04275,2.39463,0.06243,0.98897,0.9925,1474.9879,1165.39755,0.57488,0.00353,0.98856,0.98938,0.98898,0.98769,0.9901
GBR,0.98857,0.00075,2.37791,0.06108,1.83624,0.04655,2.45513,0.06797,0.98857,0.99093,6.9773,1.54005,0.04051,0.00236,0.98811,0.98899,0.98846,0.98709,0.98961
XGBoost,0.98856,0.00067,2.37958,0.05493,1.83087,0.03953,2.45255,0.05992,0.98856,0.99127,6.2787,9.75668,0.05734,0.00271,0.98816,0.98894,0.98853,0.98716,0.9897
HyPhysML-noHPO,0.9885,0.00076,2.38558,0.06346,1.82475,0.03894,2.41818,0.06124,0.9885,0.99418,165.9021,226.19906,0.23774,0.00568,0.98807,0.98892,0.98833,0.98685,0.98957
HyPhysML-MeanStack,0.98833,0.00076,2.40251,0.06749,1.84357,0.04694,2.44438,0.06967,0.98833,0.99572,344.9133,572.06911,0.88014,0.00738,0.98792,0.98879,0.98839,0.98692,0.98965
HistGBR,0.98825,0.00072,2.41085,0.05666,1.86177,0.03873,2.4924,0.06164,0.98825,0.99056,4.6968,8.40238,0.05764,0.00231,0.98784,0.98868,0.98785,0.98637,0.98909
LightGBM,0.98817,0.00086,2.41846,0.07299,1.85241,0.04816,2.47073,0.06681,0.98817,0.99269,168.4166,228.63675,0.03476,0.00451,0.98767,0.98868,0.9881,0.98665,0.98933
SVR,0.98803,0.00075,2.43362,0.05223,1.85906,0.03439,2.49155,0.06404,0.98803,0.98979,4.8297,1.83505,0.24641,0.00177,0.98756,0.98843,0.98791,0.98643,0.98917
MLP,0.98769,0.00088,2.46766,0.06124,1.91923,0.05232,2.55794,0.07272,0.98769,0.98926,87.8946,74.65701,0.02269,0.00157,0.98718,0.98815,0.9872,0.98574,0.9884
HyPhysML-MC,0.98752,0.00061,2.48526,0.04864,1.92094,0.03614,2.57095,0.05053,0.98752,0.98847,538.0455,635.87799,0.57591,0.00095,0.98715,0.98787,0.98751,0.98609,0.98873
RF,0.9861,0.00107,2.62183,0.08538,2.00133,0.05019,2.62299,0.07491,0.9861,0.99655,2.3282,0.57155,0.20692,0.01045,0.9855,0.98671,0.98621,0.98451,0.98772
Extra Trees,0.98504,0.00126,2.71975,0.09593,2.05025,0.05433,2.6625,0.08516,0.98504,0.9969,2.0069,0.61412,0.18041,0.01187,0.98432,0.98576,0.98522,0.98351,0.9868
Decision Tree,0.97335,0.00163,3.63209,0.11923,2.68683,0.0742,3.44759,0.09493,0.97335,0.99434,0.0218,0.00466,0.00041,0.02099,0.97235,0.97433,0.97352,0.97012,0.97624
KNN,0.96961,0.00226,3.87731,0.12905,3.00237,0.10776,3.76096,0.14063,0.96961,1.0,0.0124,0.00212,0.09011,0.03039,0.96833,0.97074,0.96837,0.96463,0.97186
Ridge,0.95418,0.0011,4.76379,0.04503,3.8284,0.04773,4.76873,0.09668,0.95418,0.95472,0.0171,0.00318,0.00071,0.00054,0.95348,0.95467,0.95361,0.94856,0.95836
Obenaus,0.90531,0.00305,6.84862,0.14091,5.37491,0.09458,6.5177,0.13134,0.90531,0.90452,0.0041,0.0011,0.00041,-0.00079,0.90336,0.90695,0.89985,0.89029,0.90886
Rizk,0.72053,0.01276,11.76309,0.25436,9.48972,0.18172,11.57555,0.22545,0.72053,0.71943,0.002,0.0,0.00029,-0.0011,0.71281,0.72753,0.69772,0.66794,0.72564
