Regression,Coefficient,mean,sd,min,max,expected_sign,sign_as_expected_seeds,identifiable
with type indicators,log_CD,0.0076,5e-05,0.00754,0.00767,positive,10,no (collinear with type indicators)
with type indicators,log_AD,0.02106,0.00026,0.02055,0.0216,positive,10,no (collinear with type indicators)
with type indicators,log_SDD,-0.25672,0.00042,-0.25741,-0.25591,negative,10,yes
with type indicators,log_RH,-1.13657,0.00459,-1.14612,-1.13119,negative,10,yes
with type indicators,Aging,-0.00533,4e-05,-0.0054,-0.00526,negative,10,yes
with type indicators,log_J,-0.12764,0.00077,-0.12916,-0.12687,negative,10,yes
with type indicators,K,-0.00221,3e-05,-0.00224,-0.00216,-,-,yes
without type indicators,log_CD,1.01896,0.01032,1.00621,1.03812,positive,10,yes
without type indicators,log_AD,0.2844,0.00616,0.27114,0.29578,positive,10,yes
without type indicators,log_SDD,-0.25679,0.00059,-0.25779,-0.25583,negative,10,yes
without type indicators,log_RH,-1.13686,0.0051,-1.14706,-1.12912,negative,10,yes
without type indicators,Aging,-0.00533,4e-05,-0.00541,-0.00525,negative,10,yes
without type indicators,log_J,-0.12767,0.00075,-0.1292,-0.12683,negative,10,yes
without type indicators,K,-0.00221,3e-05,-0.00226,-0.00216,-,-,yes
