Feature,VIF,Severity
CD,1000799917193443.5,High (>10)
AD,1000799917193443.5,High (>10)
CF,1000799917193443.5,High (>10)
log_CD,1000799917193443.5,High (>10)
log_SDD,176766.04539604587,High (>10)
RH_x_logSDD,44838.6440957889,High (>10)
logRH_x_logSDD,41150.81905136618,High (>10)
log_RH,11226.924461279572,High (>10)
RH,6640.217034670689,High (>10)
SDD,2167.95521213124,High (>10)
RH_x_SDD,1681.9969766872937,High (>10)
Aging,917.8834477732638,High (>10)
SDD_norm,745.918017167667,High (>10)
Age_x_logSDD,496.8514010877922,High (>10)
env_stress,279.7613130905454,High (>10)
Age_x_SDD,231.08364901770764,High (>10)
log_J,30.55047740263987,High (>10)
logJ_x_logSDD,25.177751198572757,High (>10)
J,16.671418168930707,High (>10)
JK_product,7.703764287160003,Moderate (5-10)
K,2.6461535209703113,Low (<5)
