XGBoost,LightGBM,GBR,HistGBR,RF,Extra Trees,KNN,intercept,Seed
0.10242023602554755,0.24232260227925043,0.4704286223234025,0.06949828179354435,-0.10264401918304852,0.23201967210717112,-0.012362761296581079,-0.12875281704900488,42
0.12481967023199073,0.07243877580406557,0.3804397652085645,0.3915872995457639,-0.15292616937220024,0.19210932682484494,-0.007171618525685473,-0.0921085782380402,7
0.26440444739979946,0.16602236227377087,0.2477380541970495,0.22348180461814163,-0.10764573367864541,0.22293756100892914,-0.015432377243810007,-0.10820218069949306,13
0.21337455398392757,0.1357380822318285,0.31765634350051614,0.23533426966494278,-0.08705480651116873,0.20802817040772978,-0.02194867414935678,-0.10185972300043034,99
0.1260538903560947,0.1326073982781468,0.5160967868708637,0.10766809832276537,-0.09959536593267353,0.22650175331886704,-0.0073254026199503905,-0.1609811133889849,2024
0.14573729079835346,0.194949171232464,0.3776298971263706,0.14721040530355842,-0.09272494676597588,0.22206132880011858,0.0077922713205676244,-0.21315982271582357,17
0.15361362941726572,0.23109181234802675,0.13718918922073475,0.37675131457016964,-0.03007131735938295,0.13614575071686108,-0.002212143552256174,-0.20368537639349427,88
0.05098676808923444,0.19323967587937013,0.4480135630185441,0.18551687586186927,-0.061886573479738916,0.1843690869020681,0.0031253480278678925,-0.2881870961036128,55
0.2667987292079605,0.1561524533531586,0.32639649841194185,0.1547054070728994,-0.13257909311585553,0.24226480591662347,-0.012036062649112788,-0.12516135210778145,101
0.2479032715710281,0.16352638186766122,0.2504516860118388,0.24038767681634735,-0.09245109394741975,0.19369548912319756,-0.001832356421588241,-0.13400952175470593,314
