Model,mode,Feature,Noise_pct,R2_mean,R2_sd,dR2_mean,dR2_sd,RMSE_mean,pct_clipped,n
HyPhysML,raw_propagated,Aging,5,0.988075,0.000784,-0.0009,0.000422,2.429179,12.57958,50
HyPhysML,raw_propagated,Aging,10,0.987145,0.00081,-0.00183,0.000469,2.522262,12.636637,50
HyPhysML,raw_propagated,Aging,15,0.985995,0.000827,-0.00298,0.000501,2.632731,12.809309,50
HyPhysML,raw_propagated,Aging,20,0.984249,0.000944,-0.004726,0.000515,2.791879,12.725225,50
HyPhysML,raw_propagated,RH,5,0.986221,0.002019,-0.002754,0.001917,2.606702,0.0,50
HyPhysML,raw_propagated,RH,10,0.984988,0.002156,-0.003987,0.00203,2.721038,0.0,50
HyPhysML,raw_propagated,RH,15,0.981324,0.002354,-0.00765,0.002331,3.036966,0.0,50
HyPhysML,raw_propagated,RH,20,0.976157,0.001931,-0.012818,0.001874,3.434473,0.0,50
HyPhysML,raw_propagated,SDD,5,0.986103,0.00075,-0.002872,0.00032,2.622601,0.0,50
HyPhysML,raw_propagated,SDD,10,0.981354,0.000773,-0.007621,0.000571,3.03841,0.0,50
HyPhysML,raw_propagated,SDD,15,0.975754,0.001187,-0.013221,0.000874,3.464235,0.0,50
HyPhysML,raw_propagated,SDD,20,0.969375,0.001598,-0.019599,0.001348,3.8935,0.010511,50
HyPhysML,single_column,Aging,5,0.988672,0.000736,-0.000303,0.00023,2.367399,0.0,50
HyPhysML,single_column,Aging,10,0.988647,0.000767,-0.000328,0.00024,2.369923,0.0,50
HyPhysML,single_column,Aging,15,0.988611,0.000778,-0.000364,0.000247,2.373606,0.0,50
HyPhysML,single_column,Aging,20,0.988329,0.00079,-0.000646,0.00026,2.402812,0.0,50
HyPhysML,single_column,RH,5,0.988105,0.000907,-0.00087,0.000642,2.425858,0.0,50
HyPhysML,single_column,RH,10,0.987913,0.00094,-0.001062,0.00067,2.445232,0.0,50
HyPhysML,single_column,RH,15,0.986979,0.000953,-0.001996,0.000859,2.538488,0.0,50
HyPhysML,single_column,RH,20,0.985653,0.000843,-0.003321,0.000837,2.665118,0.0,50
HyPhysML,single_column,SDD,5,0.988965,0.000681,-9e-06,2e-05,2.336499,0.0,50
HyPhysML,single_column,SDD,10,0.988967,0.000675,-8e-06,2.6e-05,2.33636,0.0,50
HyPhysML,single_column,SDD,15,0.988965,0.000677,-1e-05,2.3e-05,2.336555,0.0,50
HyPhysML,single_column,SDD,20,0.988961,0.000681,-1.4e-05,2.5e-05,2.337031,0.0,50
HyPhysML-MC,raw_propagated,Aging,5,0.984338,0.002739,-0.003184,0.002503,2.773223,12.57958,50
HyPhysML-MC,raw_propagated,Aging,10,0.984355,0.002748,-0.003167,0.002489,2.771665,12.636637,50
HyPhysML-MC,raw_propagated,Aging,15,0.984158,0.002737,-0.003364,0.002472,2.78929,12.809309,50
HyPhysML-MC,raw_propagated,Aging,20,0.982681,0.002425,-0.004841,0.002139,2.920563,12.725225,50
HyPhysML-MC,raw_propagated,RH,5,0.980854,0.0054,-0.006668,0.005217,3.045584,0.0,50
HyPhysML-MC,raw_propagated,RH,10,0.980426,0.005358,-0.007096,0.005149,3.081219,0.0,50
HyPhysML-MC,raw_propagated,RH,15,0.976992,0.004815,-0.01053,0.004639,3.35583,0.0,50
HyPhysML-MC,raw_propagated,RH,20,0.971809,0.003964,-0.015713,0.003772,3.72639,0.0,50
HyPhysML-MC,raw_propagated,SDD,5,0.981096,0.00519,-0.006426,0.004992,3.028079,0.0,50
HyPhysML-MC,raw_propagated,SDD,10,0.981191,0.005107,-0.006331,0.004916,3.021377,0.0,50
HyPhysML-MC,raw_propagated,SDD,15,0.980276,0.005167,-0.007246,0.00497,3.095891,0.0,50
HyPhysML-MC,raw_propagated,SDD,20,0.97679,0.00464,-0.010732,0.004418,3.372082,0.010511,50
HyPhysML-MC,single_column,Aging,5,0.984338,0.002739,-0.003184,0.002503,2.773223,0.0,50
HyPhysML-MC,single_column,Aging,10,0.984355,0.002748,-0.003167,0.002489,2.771665,0.0,50
HyPhysML-MC,single_column,Aging,15,0.984158,0.002737,-0.003364,0.002472,2.78929,0.0,50
HyPhysML-MC,single_column,Aging,20,0.982681,0.002425,-0.004841,0.002139,2.920563,0.0,50
HyPhysML-MC,single_column,RH,5,0.980854,0.0054,-0.006668,0.005217,3.045584,0.0,50
HyPhysML-MC,single_column,RH,10,0.980426,0.005358,-0.007096,0.005149,3.081219,0.0,50
HyPhysML-MC,single_column,RH,15,0.976992,0.004815,-0.01053,0.004639,3.35583,0.0,50
HyPhysML-MC,single_column,RH,20,0.971809,0.003964,-0.015713,0.003772,3.72639,0.0,50
HyPhysML-MC,single_column,SDD,5,0.981096,0.00519,-0.006426,0.004992,3.028079,0.0,50
HyPhysML-MC,single_column,SDD,10,0.981191,0.005107,-0.006331,0.004916,3.021377,0.0,50
HyPhysML-MC,single_column,SDD,15,0.980276,0.005167,-0.007246,0.00497,3.095891,0.0,50
HyPhysML-MC,single_column,SDD,20,0.97679,0.00464,-0.010732,0.004418,3.372082,0.0,50
