Seed,frac,n_train,R2_train,R2_test
42,0.1,532,0.9950659810305581,0.9835943829423933
42,0.2,1064,0.9936514376572675,0.986158336299679
42,0.3,1597,0.9922586891374695,0.9869885696633952
42,0.5,2662,0.9925294054064274,0.9879278314791466
42,0.7,3726,0.9920557031047863,0.9885567035279935
42,1.0,5324,0.9923026930492093,0.9889788180025915
7,0.1,532,0.9946893655017099,0.9829516508514169
7,0.2,1064,0.9937227964441833,0.9856983561587795
7,0.3,1597,0.9927099869128312,0.9866499675971673
7,0.5,2662,0.9926382381747269,0.9881083799230828
7,0.7,3726,0.9921531524832552,0.988602134541047
7,1.0,5324,0.991993662544976,0.9895089966755565
13,0.1,532,0.9957929486964634,0.9822546223309795
13,0.2,1064,0.9945160400646345,0.9861488095389495
13,0.3,1597,0.9933930836835629,0.9863393584251222
13,0.5,2662,0.9930383988858867,0.9867427055875851
13,0.7,3726,0.9931295600463327,0.9873157020263758
13,1.0,5324,0.9928540063212491,0.9881438361667164
