Model,Preprocessing
XGBoost,none (raw 25 features)
LightGBM,none (raw 25 features)
GBR,none (raw 25 features)
HistGBR,none (raw 25 features)
RF,none (raw 25 features)
Extra Trees,none (raw 25 features)
Ridge,"RobustScaler (median/IQR) fitted on the training data of each fit, inside a Pipeline"
Decision Tree,none (raw 25 features)
KNN,"RobustScaler (median/IQR) fitted on the training data of each fit, inside a Pipeline"
SVR,"RobustScaler (median/IQR) fitted on the training data of each fit, inside a Pipeline"
MLP,"RobustScaler (median/IQR) fitted on the training data of each fit, inside a Pipeline"
Obenaus / Rizk,log-transform of inputs and target; ridge alpha=0.01 with intercept
HyPhysML meta-learner,ridge alpha=0.1 WITH intercept on OOF predictions (no scaling)
HyPhysML-MC meta-learner,"ridge alpha=0.1 with intercept, weights constrained >= 0"
