Type,n_test,R2,RMSE,MAE,MAPE,NSE,Seed
Smp_1,333,0.9867194310119617,2.352518426271876,1.765820662644354,2.356919004279742,0.9867194310119617,42
Smp_2,333,0.9872110395556473,2.2883595280889226,1.7184675193686172,2.543448703670098,0.9872110395556473,42
Smp_3,333,0.9867561243737429,2.336881094139145,1.7813214173525869,2.4582707129685613,0.9867561243737429,42
Smp_4,333,0.9912710730680351,2.2235234195097346,1.7475190095572157,2.0707915461310464,0.9912710730680351,42
Smp_1,333,0.9904984936268549,2.1440731160186934,1.6484876717633723,2.0901981451141327,0.9904984936268549,7
Smp_2,333,0.9877523001785385,2.2456029356234435,1.7391787749603045,2.5861158974765512,0.9877523001785385,7
Smp_3,333,0.9821635139989148,2.5952303008285966,1.9885340164052496,2.7035204895611824,0.9821635139989148,7
Smp_4,333,0.9920303642106971,2.161633949723388,1.6890517520719992,2.065828993986292,0.9920303642106971,7
Smp_1,333,0.989174905780898,2.2293090581522264,1.7742705759548385,2.266636383858839,0.989174905780898,13
Smp_2,333,0.9833006598232193,2.6148708144167263,1.8978323422229137,2.809449488727859,0.9833006598232193,13
Smp_3,333,0.986261116861396,2.4584023415325924,1.8742587397226296,2.538229066785788,0.986261116861396,13
Smp_4,333,0.989900196481475,2.4721736139824153,1.9707334904187304,2.4523333471691324,0.989900196481475,13
Smp_1,333,0.9894257426705603,2.309565006975244,1.7823883801859834,2.3594023560008193,0.9894257426705603,99
Smp_2,333,0.9851190807058032,2.5097399322690004,1.875498811257384,2.902780665523206,0.9851190807058032,99
Smp_3,333,0.9837001560402777,2.565488397673394,1.9631175293739362,2.634678765463582,0.9837001560402777,99
Smp_4,333,0.9928080149453117,2.060162833928452,1.612830257323687,1.89955282549084,0.9928080149453117,99
Smp_1,333,0.9893792628836847,2.339633182008012,1.7861708706629782,2.3225728640522103,0.9893792628836847,2024
Smp_2,333,0.985748733686943,2.4348851518698775,1.8740437754350845,2.7669504514829804,0.985748733686943,2024
Smp_3,333,0.9841795999031925,2.4414383016121195,1.8250213632034809,2.43522040340679,0.9841795999031925,2024
Smp_4,333,0.9901001106234752,2.2953185110245298,1.7804534830018723,2.1213934432222343,0.9901001106234752,2024
Smp_1,333,0.9881585815568427,2.212305800950516,1.663937231324015,2.1374634547011904,0.9881585815568427,17
Smp_2,333,0.9855194730350669,2.473758609004193,1.8360440403329266,2.7376211266579036,0.9855194730350669,17
Smp_3,333,0.9831591709804154,2.428962291286378,1.8637683123665787,2.518584904195429,0.9831591709804154,17
Smp_4,333,0.9901431311262129,2.286700800786842,1.7562939868279726,2.12778655033646,0.9901431311262129,17
Smp_1,333,0.990852810815682,2.1194768178095393,1.66036221371843,2.1358762011254395,0.990852810815682,88
Smp_2,333,0.9876049224321443,2.249093325995316,1.704801351485159,2.5678791865977666,0.9876049224321443,88
Smp_3,333,0.9854614084193385,2.462348144250067,1.8889375136604802,2.4955054008626107,0.9854614084193385,88
Smp_4,333,0.992093427572308,2.0909218045584415,1.6365737251682861,1.924890817347047,0.992093427572308,88
Smp_1,333,0.9903645168477514,2.140682705242338,1.6322544439590072,2.088482294838223,0.9903645168477514,55
Smp_2,333,0.9861844732516725,2.3280839249416374,1.8225512720956976,2.608605548144656,0.9861844732516725,55
Smp_3,333,0.9841449368176071,2.687943984580804,2.1123192149341814,2.948498612509618,0.9841449368176071,55
Smp_4,333,0.9915031851130438,2.163569023323023,1.6385471619652232,1.9430763390445023,0.9915031851130438,55
Smp_1,333,0.989524482352479,2.148468064755405,1.6580211754664216,2.1188686560046537,0.989524482352479,101
Smp_2,333,0.9868494387633662,2.4137613720439037,1.9047084082922718,2.8886068164092804,0.9868494387633662,101
Smp_3,333,0.986643619057951,2.3037538356339096,1.8377369561674226,2.433862478171813,0.986643619057951,101
Smp_4,333,0.9917895762833143,2.201597815872753,1.6934449951657908,2.0391449790913567,0.9917895762833143,101
Smp_1,333,0.9901306482875332,2.156026323499795,1.670460861304813,2.1617044528015166,0.9901306482875332,314
Smp_2,333,0.9851567356845571,2.4977863433594303,1.8919038864963622,2.768352016918508,0.9851567356845571,314
Smp_3,333,0.9870167735506116,2.3629004637271525,1.8065390239735737,2.4861084029908893,0.9870167735506116,314
Smp_4,333,0.9895658171756716,2.435046996482168,1.8818448471619529,2.2701638717993204,0.9895658171756716,314
